Orthogroup	Saccharomyces_cerevisiae.R64-1-1.pep.all	Schistossoma
OG0000000	YGL087C	6183.Smp_100790.1
OG0000000	YHL016C	6183.Smp_164870.1, 6183.Smp_137290.1, 6183.Smp_150000.1, 6183.Smp_160980.1, 6183.Smp_170190.1, 6183.Smp_132110.1, 6183.Smp_166600.1, 6183.Smp_175080.1, 6183.Smp_132960.1, 6183.Smp_139340.1, 6183.Smp_127260.1, 6183.Smp_132360.1, 6183.Smp_144150.1, 6183.Smp_159610.1, 6183.Smp_124560.1, 6183.Smp_189480.1, 6183.Smp_122190.1, 6183.Smp_173140.1, 6183.Smp_004230.1, 6183.Smp_131920.1, 6183.Smp_177070.1, 6183.Smp_194440.1, 6183.Smp_015160.1, 6183.Smp_166810.1, 6183.Smp_163370.1, 6183.Smp_173950.1, 6183.Smp_166950.1, 6183.Smp_174560.1, 6183.Smp_133870.1, 6183.Smp_154310.1, 6183.Smp_001085.1, 6183.Smp_190300.1, 6183.Smp_004540.1, 6183.Smp_125830.1, 6183.Smp_139730.1, 6183.Smp_177750.1, 6183.Smp_130150.1, 6183.Smp_162950.1, 6183.Smp_114740.1, 6183.Smp_072440.1, 6183.Smp_122320.1, 6183.Smp_184420.1, 6183.Smp_165450.1, 6183.Smp_174330.1, 6183.Smp_192230.1, 6183.Smp_161690.1, 6183.Smp_174600.1, 6183.Smp_072670.1, 6183.Smp_138820.1, 6183.Smp_004530.1, 6183.Smp_199970.1, 6183.Smp_082460.1, 6183.Smp_190540.1, 6183.Smp_155660.1, 6183.Smp_091070.1, 6183.Smp_095200.1, 6183.Smp_082500.1, 6183.Smp_189170.1, 6183.Smp_140280.1, 6183.Smp_212070.1, 6183.Smp_185870.1, 6183.Smp_081030.1, 6183.Smp_169810.1, 6183.Smp_159500.1, 6183.Smp_141870.1, 6183.Smp_079720.1, 6183.Smp_189980.1, 6183.Smp_179530.1, 6183.Smp_192010.1, 6183.Smp_175880.1, 6183.Smp_149190.1, 6183.Smp_160720.1, 6183.Smp_071210.1, 6183.Smp_193950.1, 6183.Smp_167560.1, 6183.Smp_061930.1, 6183.Smp_157030.1, 6183.Smp_138650.1, 6183.Smp_145340.1, 6183.Smp_183420.1, 6183.Smp_136090.1, 6183.Smp_170000.1, 6183.Smp_172230.1, 6183.Smp_179640.1, 6183.Smp_139870.1, 6183.Smp_123720.1, 6183.Smp_174460.1, 6183.Smp_167720.1, 6183.Smp_151170.1, 6183.Smp_155830.1, 6183.Smp_173310.1, 6183.Smp_126570.1, 6183.Smp_198040.1, 6183.Smp_186170.1, 6183.Smp_185890.1, 6183.Smp_190710.1, 6183.Smp_192880.1, 6183.Smp_190760.1, 6183.Smp_180770.1, 6183.Smp_123400.1, 6183.Smp_155710.1, 6183.Smp_097680.1, 6183.Smp_147130.1, 6183.Smp_160990.1, 6183.Smp_193940.1, 6183.Smp_097670.1, 6183.Smp_184840.1, 6183.Smp_130720.1, 6183.Smp_131750.1, 6183.Smp_163390.1
OG0000001	YBR060C	6183.Smp_000350.2, 6183.Smp_151540.1, 6183.Smp_045360.3, 6183.Smp_135630.1, 6183.Smp_149140.1, 6183.Smp_132320.1, 6183.Smp_124580.1, 6183.Smp_151630.1, 6183.Smp_135730.1, 6183.Smp_149010.1, 6183.Smp_176470.1, 6183.Smp_199910.1, 6183.Smp_193230.1, 6183.Smp_126050.1, 6183.Smp_167470.1, 6183.Smp_176390.1, 6183.Smp_166440.1, 6183.Smp_159920.1, 6183.Smp_155600.1, 6183.Smp_151620.1, 6183.Smp_083220.1, 6183.Smp_016230.1, 6183.Smp_013630.1, 6183.Smp_179750.1, 6183.Smp_196240.1, 6183.Smp_129830.1, 6183.Smp_125510.1, 6183.Smp_147830.1, 6183.Smp_149330.1, 6183.Smp_145210.1, 6183.Smp_149120.1, 6183.Smp_162520.1, 6183.Smp_155810.1, 6183.Smp_167460.1, 6183.Smp_135640.1, 6183.Smp_162550.1, 6183.Smp_176540.1, 6183.Smp_156970.1, 6183.Smp_069720.1, 6183.Smp_011430.1, 6183.Smp_131010.1, 6183.Smp_129530.1, 6183.Smp_141740.1, 6183.Smp_162610.1, 6183.Smp_131600.1, 6183.Smp_055240.1, 6183.Smp_192490.1, 6183.Smp_158870.1, 6183.Smp_148300.1, 6183.Smp_135610.1, 6183.Smp_161520.1
OG0000003	YDL106C	6183.Smp_030050.1, 6183.Smp_136900.1, 6183.Smp_087070.1, 6183.Smp_202120.1, 6183.Smp_134690.1, 6183.Smp_013600.1, 6183.Smp_126870.1, 6183.Smp_152980.1, 6183.Smp_001980.1, 6183.Smp_125600.1, 6183.Smp_166150.1, 6183.Smp_126190.1, 6183.Smp_138110.1, 6183.Smp_137140.1, 6183.Smp_029620.1, 6183.Smp_081620.1, 6183.Smp_002640.1, 6183.Smp_138140.1, 6183.Smp_000075.1, 6183.Smp_144380.1, 6183.Smp_158000.1, 6183.Smp_027990.1, 6183.Smp_186930.1, 6183.Smp_140730.1, 6183.Smp_147640.1, 6183.Smp_189380.1, 6183.Smp_060750.1, 6183.Smp_145200.1, 6183.Smp_142430.1, 6183.Smp_170750.1, 6183.Smp_160670.1, 6183.Smp_142940.1, 6183.Smp_161270.1, 6183.Smp_124010.1, 6183.Smp_000830.1, 6183.Smp_126560.1, 6183.Smp_140350.1, 6183.Smp_163140.1, 6183.Smp_091160.1, 6183.Smp_142440.1, 6183.Smp_035650.1, 6183.Smp_175710.1, 6183.Smp_053520.1, 6183.Smp_017020.1
OG0000015	YPL227C	6183.Smp_032780.1, 6183.Smp_139590.1, 6183.Smp_063550.1, 6183.Smp_114130.1, 6183.Smp_026790.1, 6183.Smp_101840.1, 6183.Smp_026200.1, 6183.Smp_002470.1, 6183.Smp_138800.1, 6183.Smp_088610.1, 6183.Smp_125000.1, 6183.Smp_178400.1, 6183.Smp_026860.1, 6183.Smp_174250.1, 6183.Smp_048030.1, 6183.Smp_096830.1, 6183.Smp_175190.1, 6183.Smp_120020.1, 6183.Smp_114870.1, 6183.Smp_109240.1, 6183.Smp_197170.1
OG0000027	YKR054C	6183.Smp_157410.1, 6183.Smp_165620.1, 6183.Smp_153330.1, 6183.Smp_124170.1, 6183.Smp_137560.1, 6183.Smp_067620.1, 6183.Smp_212290.1, 6183.Smp_158760.1, 6183.Smp_137550.1, 6183.Smp_156080.1, 6183.Smp_159840.1, 6183.Smp_034920.1, 6183.Smp_130810.1, 6183.Smp_176300.1, 6183.Smp_212280.1, 6183.Smp_153140.1, 6183.Smp_165820.1
OG0000030	YLR424W	6183.Smp_122020.1, 6183.Smp_165020.1, 6183.Smp_167350.1, 6183.Smp_132850.2, 6183.Smp_112270.1, 6183.Smp_187770.1, 6183.Smp_192030.1, 6183.Smp_176450.1, 6183.Smp_056290.1, 6183.Smp_206030.1, 6183.Smp_165800.1, 6183.Smp_176350.1, 6183.Smp_139510.1, 6183.Smp_117990.1, 6183.Smp_199470.1, 6183.Smp_191250.1
OG0000031	YDL230W	6183.Smp_135210.1, 6183.Smp_164270.1, 6183.Smp_160050.1, 6183.Smp_123660.1, 6183.Smp_165740.1, 6183.Smp_157620.1, 6183.Smp_130560.1, 6183.Smp_134190.1, 6183.Smp_167520.1, 6183.Smp_144810.1, 6183.Smp_156220.1, 6183.Smp_130570.1, 6183.Smp_134180.1, 6183.Smp_144050.1, 6183.Smp_152750.1, 6183.Smp_169380.1
OG0000032	YPR093C	6183.Smp_001560.1
OG0000032	YBR062C	6183.Smp_079400.1, 6183.Smp_150830.1, 6183.Smp_071380.4, 6183.Smp_125460.1, 6183.Smp_047700.1, 6183.Smp_048680.1, 6183.Smp_016920.1, 6183.Smp_201820.1, 6183.Smp_134780.1, 6183.Smp_205270.1, 6183.Smp_176120.1, 6183.Smp_047420.1, 6183.Smp_049970.5, 6183.Smp_150210.1
OG0000034	YDR424C	6183.Smp_200180.1, 6183.Smp_040680.1, 6183.Smp_019310.1, 6183.Smp_174520.1, 6183.Smp_095520.1, 6183.Smp_201060.1, 6183.Smp_051400.1, 6183.Smp_114620.1, 6183.Smp_030910.1, 6183.Smp_095500.1, 6183.Smp_095480.1, 6183.Smp_005470.1, 6183.Smp_125010.1, 6183.Smp_125020.1, 6183.Smp_174510.1
OG0000037	YCR065W	6183.Smp_135710.1, 6183.Smp_145650.1, 6183.Smp_150430.1, 6183.Smp_133480.1, 6183.Smp_158750.1, 6183.Smp_054350.1, 6183.Smp_098780.1, 6183.Smp_076300.1, 6183.Smp_155010.1, 6183.Smp_086270.1, 6183.Smp_012010.1, 6183.Smp_212350.1, 6183.Smp_200710.1, 6183.Smp_152170.1
OG0000039	YOR246C	6183.Smp_000190.1, 6183.Smp_203940.1, 6183.Smp_015520.1, 6183.Smp_179840.1, 6183.Smp_170300.1, 6183.Smp_076580.1, 6183.Smp_081430.1, 6183.Smp_203950.1, 6183.Smp_120070.1, 6183.Smp_139680.1, 6183.Smp_139700.1, 6183.Smp_032370.1, 6183.Smp_179850.1
OG0000044	YOR141C	6183.Smp_069120.1, 6183.Smp_206290.1, 6183.Smp_159640.1, 6183.Smp_150920.1, 6183.Smp_175900.1, 6183.Smp_145120.1, 6183.Smp_151430.1, 6183.Smp_050630.1, 6183.Smp_150350.1, 6183.Smp_210510.1, 6183.Smp_194330.1, 6183.Smp_129790.1
OG0000045	YDL240W	6183.Smp_140310.1, 6183.Smp_138170.1, 6183.Smp_000790.1, 6183.Smp_163960.1, 6183.Smp_146200.2, 6183.Smp_022340.1, 6183.Smp_157310.1, 6183.Smp_012810.1, 6183.Smp_048560.1, 6183.Smp_143130.1, 6183.Smp_020540.2, 6183.Smp_165070.1
OG0000051	YOR360C	6183.Smp_153650.1, 6183.Smp_044060.1, 6183.Smp_129270.1, 6183.Smp_134140.1, 6183.Smp_141980.1, 6183.Smp_134500.1, 6183.Smp_197150.1, 6183.Smp_124250.1, 6183.Smp_146120.1, 6183.Smp_135500.1, 6183.Smp_179590.1
OG0000055	YPL154C	6183.Smp_013040.2, 6183.Smp_136730.1, 6183.Smp_136720.1, 6183.Smp_132470.1, 6183.Smp_018800.1, 6183.Smp_136840.1, 6183.Smp_197470.1, 6183.Smp_132480.1, 6183.Smp_205390.1, 6183.Smp_136830.2
OG0000056	YER015W	6183.Smp_101650.1, 6183.Smp_142680.1, 6183.Smp_119730.1, 6183.Smp_138660.1, 6183.Smp_198870.1, 6183.Smp_038970.1, 6183.Smp_165850.1, 6183.Smp_125560.1, 6183.Smp_209040.1, 6183.Smp_175090.3
OG0000067	YDR432W	6183.Smp_185230.1, 6183.Smp_036270.2, 6183.Smp_071640.1, 6183.Smp_086600.2, 6183.Smp_098890.2, 6183.Smp_070200.1, 6183.Smp_032320.6, 6183.Smp_113620.3, 6183.Smp_192360.1
OG0000068	YER066W, YFL009W	6183.Smp_030320.1
OG0000068	YOR269W, YKL021C	6183.Smp_045620.1, 6183.Smp_049520.1, 6183.Smp_194900.1, 6183.Smp_019680.1, 6183.Smp_125280.1
OG0000069	YBL003C, YDR225W	6183.Smp_060760.1, 6183.Smp_089840.1, 6183.Smp_082750.1, 6183.Smp_123850.1, 6183.Smp_176670.1, 6183.Smp_056420.1, 6183.Smp_002930.1, 6183.Smp_089870.1
OG0000070	YHR005C, YER020W	6183.Smp_132750.1, 6183.Smp_005790.1, 6183.Smp_074510.1, 6183.Smp_032750.1, 6183.Smp_016630.1, 6183.Smp_020080.1, 6183.Smp_032740.1, 6183.Smp_016250.2
OG0000071	YGR067C, YJR127C, YML081W, YDR216W, YGL035C, YER028C, YGL209W	6183.Smp_040390.1, 6183.Smp_018170.1, 6183.Smp_066930.1
OG0000072	YPL230W, YMR182C	6183.Smp_151950.1, 6183.Smp_181630.1, 6183.Smp_158490.1, 6183.Smp_049160.1, 6183.Smp_152210.1, 6183.Smp_075230.1, 6183.Smp_124090.1, 6183.Smp_128060.1
OG0000073	YBR094W	6183.Smp_158370.1, 6183.Smp_043920.1, 6183.Smp_210200.1, 6183.Smp_155240.1, 6183.Smp_074830.1, 6183.Smp_163450.1, 6183.Smp_181160.1, 6183.Smp_161800.1, 6183.Smp_173320.1
OG0000080	YCR100C, YIL173W, YNR065C, YBL017C, YJL222W, YNR066C, YCR101C, YCR099C	6183.Smp_179360.1
OG0000084	YDR373W	6183.Smp_153320.1, 6183.Smp_000170.1, 6183.Smp_085650.1, 6183.Smp_106110.1, 6183.Smp_151600.1, 6183.Smp_068510.1, 6183.Smp_158980.1, 6183.Smp_158990.1
OG0000085	YDL056W, YER111C, YLR182W	6183.Smp_154020.1, 6183.Smp_139110.1, 6183.Smp_145700.1, 6183.Smp_198650.1, 6183.Smp_143370.1, 6183.Smp_130400.1
OG0000086	YBR159W	6183.Smp_117920.1, 6183.Smp_168560.1, 6183.Smp_084570.1, 6183.Smp_168550.1, 6183.Smp_009430.1, 6183.Smp_102190.1, 6183.Smp_178940.1, 6183.Smp_131430.1
OG0000102	YPL088W, YPR127W, YOL165C, YCR107W, YJR155W, YDL243C, YNL331C	6183.Smp_012380.1
OG0000103	Q0070, Q0075, Q0055, Q0050, Q0060, Q0065, Q0045	6183.Smp_900000.1
OG0000104	YOR212W	6183.Smp_075130.1, 6183.Smp_063640.1, 6183.Smp_010230.1, 6183.Smp_094480.1, 6183.Smp_042530.1, 6183.Smp_158700.1, 6183.Smp_094570.1
OG0000106	YIL159W, YNL271C	6183.Smp_145500.1, 6183.Smp_146810.1, 6183.Smp_161110.1, 6183.Smp_068720.1, 6183.Smp_144430.1, 6183.Smp_141590.2
OG0000107	YGR055W, YHL036W	6183.Smp_127000.1, 6183.Smp_083990.1, 6183.Smp_054010.1, 6183.Smp_151090.1, 6183.Smp_150990.1, 6183.Smp_151000.1
OG0000110	YJL093C	6183.Smp_046650.1, 6183.Smp_034850.1, 6183.Smp_155970.1, 6183.Smp_141570.1, 6183.Smp_127170.1, 6183.Smp_046640.1, 6183.Smp_147550.1
OG0000111	YMR154C	6183.Smp_130920.1, 6183.Smp_083530.1, 6183.Smp_159550.1, 6183.Smp_137410.1, 6183.Smp_089460.2, 6183.Smp_003980.1, 6183.Smp_157500.1
OG0000112	YPL104W	6183.Smp_178380.1, 6183.Smp_179140.1, 6183.Smp_194140.1, 6183.Smp_190720.1, 6183.Smp_199340.1, 6183.Smp_088800.1, 6183.Smp_194150.1
OG0000125	YPR065W	6183.Smp_148110.1, 6183.Smp_076600.1, 6183.Smp_180820.1, 6183.Smp_155690.1, 6183.Smp_179780.1, 6183.Smp_161600.1
OG0000126	YGR082W	6183.Smp_180470.1, 6183.Smp_064870.1, 6183.Smp_082830.1, 6183.Smp_043040.1, 6183.Smp_103920.1, 6183.Smp_136210.1
OG0000127	Q0255, Q0160, Q0105, Q0115, Q0110, Q0120	6183.Smp_900070.1
OG0000130	YER031C, YGL210W	6183.Smp_173990.1, 6183.Smp_190370.1, 6183.Smp_023550.1, 6183.Smp_134000.1, 6183.Smp_005670.1
OG0000131	YFL054C, YLL043W	6183.Smp_125200.1, 6183.Smp_125210.1, 6183.Smp_125220.1, 6183.Smp_005720.1, 6183.Smp_005740.1
OG0000132	YDR379W, YOR127W	6183.Smp_138150.1, 6183.Smp_028030.1, 6183.Smp_186680.1, 6183.Smp_139070.1, 6183.Smp_049380.1
OG0000133	YOR291W	6183.Smp_172750.1, 6183.Smp_128470.1, 6183.Smp_175360.1, 6183.Smp_208060.1, 6183.Smp_128460.1, 6183.Smp_154360.1
OG0000134	YDL132W	6183.Smp_079740.1, 6183.Smp_082850.2, 6183.Smp_031000.2, 6183.Smp_143030.1, 6183.Smp_150270.1, 6183.Smp_052460.1
OG0000156	YOL002C, YOL101C, YDR492W	6183.Smp_045410.1, 6183.Smp_045420.1, 6183.Smp_057130.1
OG0000157	YNL004W, YCL011C	6183.Smp_005260.1, 6183.Smp_064360.1, 6183.Smp_002550.1, 6183.Smp_041480.2
OG0000159	YGL073W, YHR206W, YIL147C, YLR006C, YJR147W	6183.Smp_068270.4
OG0000160	YIL045W, YER054C	6183.Smp_167660.1
OG0000160	YLR273C, YOR178C	6183.Smp_153700.1
OG0000162	YDR422C	6183.Smp_101670.1
OG0000162	YER027C, YGL208W	6183.Smp_170160.1, 6183.Smp_124310.1
OG0000163	YNL126W	6183.Smp_125530.1, 6183.Smp_168290.1, 6183.Smp_031070.3, 6183.Smp_159180.1, 6183.Smp_135700.1
OG0000164	YLR189C, YFL042C, YLR072W, YHR080C, YDR326C	6183.Smp_212360.1
OG0000167	YML056C, YAR075W, YLR432W, YAR073W, YHR216W	6183.Smp_012930.1
OG0000168	YMR161W	6183.Smp_136540.1, 6183.Smp_022330.1
OG0000168	YNL007C	6183.Smp_104730.1, 6183.Smp_020920.1
OG0000169	YEL016C, YCR026C	6183.Smp_084890.1, 6183.Smp_153340.1, 6183.Smp_153390.2, 6183.Smp_104270.1
OG0000172	YLR188W, YKL209C	6183.Smp_137080.1, 6183.Smp_055780.1, 6183.Smp_170820.1, 6183.Smp_089200.1
OG0000174	YNR008W	6183.Smp_166530.2, 6183.Smp_166500.1, 6183.Smp_160880.1, 6183.Smp_031190.1, 6183.Smp_031180.1
OG0000175	YDR321W, YLR160C, YLR155C, YLR158C, YLR157C	6183.Smp_153810.1
OG0000177	YCL043C, YDR518W	6183.Smp_056760.1
OG0000177	YOR288C	6183.Smp_157700.1, 6183.Smp_172110.1
OG0000178	YHL007C	6183.Smp_096670.1, 6183.Smp_103360.1, 6183.Smp_175160.1, 6183.Smp_159730.1, 6183.Smp_179800.1
OG0000179	YNL053W, YIL113W	6183.Smp_084930.1, 6183.Smp_012400.1, 6183.Smp_135160.1, 6183.Smp_034500.1
OG0000180	YPR105C	6183.Smp_184350.1, 6183.Smp_180640.1, 6183.Smp_192100.1, 6183.Smp_209090.1, 6183.Smp_199740.1
OG0000209	YBR009C, YNL030W	6183.Smp_194870.1, 6183.Smp_053300.1, 6183.Smp_053390.1
OG0000210	YHR210C	6183.Smp_104720.1
OG0000210	YNR071C, YBR019C	6183.Smp_070780.1
OG0000213	YDR338C, YHR032W	6183.Smp_162110.1, 6183.Smp_151290.1, 6183.Smp_135490.1
OG0000214	YCR069W, YNR028W, YDR304C, YHR057C	6183.Smp_040790.1
OG0000215	YPL244C	6183.Smp_171120.1, 6183.Smp_172390.1
OG0000215	YEL004W	6183.Smp_157230.1
OG0000216	YHR104W, YDR368W, YOR120W	6183.Smp_150700.1, 6183.Smp_053220.1
OG0000217	YBR244W, YIR037W, YKL026C	6183.Smp_058700.1, 6183.Smp_058690.1
OG0000218	YDR043C, YBR066C, YHL027W	6183.Smp_000530.1, 6183.Smp_157270.1
OG0000220	YBR180W, YNL065W, YIL121W, YIL120W	6183.Smp_156410.1
OG0000221	YGR159C	6183.Smp_064590.1, 6183.Smp_019690.1
OG0000221	YOR319W	6183.Smp_067420.1
OG0000224	YNR048W, YCR094W, YNL323W	6183.Smp_014020.1, 6183.Smp_210250.1
OG0000226	YDR224C, YBL002W	6183.Smp_077790.1, 6183.Smp_108390.1, 6183.Smp_036220.1
OG0000228	YMR183C, YPL232W	6183.Smp_066670.1, 6183.Smp_019890.1, 6183.Smp_179930.1
OG0000231	YAL030W, YOR327C	6183.Smp_006720.2, 6183.Smp_123870.1, 6183.Smp_102160.1
OG0000232	YEL060C, YOR003W, YCR045C	6183.Smp_154140.1, 6183.Smp_131220.1
OG0000234	YER072W, YJL012C, YFL004W, YPL019C	6183.Smp_141110.1
OG0000235	YOL059W, YDL022W	6183.Smp_030500.1, 6183.Smp_169570.1, 6183.Smp_168310.1
OG0000236	YNL308C	6183.Smp_139810.1, 6183.Smp_149990.1, 6183.Smp_133510.1, 6183.Smp_051990.1
OG0000237	YNL275W	6183.Smp_136030.1, 6183.Smp_180950.1, 6183.Smp_180960.1, 6183.Smp_127940.1
OG0000238	YDR244W, YMR018W	6183.Smp_128560.1, 6183.Smp_094980.1, 6183.Smp_094950.1
OG0000239	YGL115W	6183.Smp_212370.1, 6183.Smp_142030.1, 6183.Smp_127420.1, 6183.Smp_001030.1
OG0000240	YBR046C, YNL134C, YCR102C, YLR460C	6183.Smp_159230.1
OG0000241	YGL059W, YIL042C	6183.Smp_068170.1, 6183.Smp_140580.1, 6183.Smp_070390.1
OG0000242	YDR441C, YML022W	6183.Smp_151260.1, 6183.Smp_054360.1, 6183.Smp_054410.1
OG0000244	YOL112W, YNL293W	6183.Smp_145170.1, 6183.Smp_165040.1, 6183.Smp_160470.1
OG0000245	YBR220C, YBR219C	6183.Smp_076950.1, 6183.Smp_159740.1, 6183.Smp_159760.1
OG0000246	YJL005W	6183.Smp_113460.1, 6183.Smp_186540.1, 6183.Smp_112590.1, 6183.Smp_186530.1
OG0000247	YMR223W	6183.Smp_139020.1, 6183.Smp_074400.1
OG0000247	YDL122W	6183.Smp_173820.1
OG0000248	YIL078W	6183.Smp_163830.1, 6183.Smp_123980.1, 6183.Smp_055850.1, 6183.Smp_123990.1
OG0000249	YIR027C	6183.Smp_085110.2, 6183.Smp_078780.1, 6183.Smp_092460.1, 6183.Smp_196810.1
OG0000250	YGR070W, YLR371W	6183.Smp_155990.1, 6183.Smp_012580.1, 6183.Smp_176920.1
OG0000251	YKR034W	6183.Smp_175500.1, 6183.Smp_080030.1, 6183.Smp_018590.1, 6183.Smp_159560.1
OG0000289	YLL050C	6183.Smp_120700.1, 6183.Smp_086590.1, 6183.Smp_195080.1
OG0000293	YDL206W	6183.Smp_135890.1, 6183.Smp_125970.1, 6183.Smp_149930.1
OG0000295	YDR272W, YOR040W	6183.Smp_091010.1, 6183.Smp_165640.1
OG0000297	YDR320C, YCR060W	6183.Smp_151350.1, 6183.Smp_165540.1
OG0000299	YDR105C	6183.Smp_207060.1, 6183.Smp_164160.1, 6183.Smp_145090.1
OG0000301	YPR189W, YNL121C, YHR117W	6183.Smp_072970.1
OG0000302	YBR294W, YLR092W	6183.Smp_022300.1, 6183.Smp_145320.1
OG0000303	YMR308C	6183.Smp_032510.1
OG0000303	YER110C	6183.Smp_033760.2
OG0000305	YJL137C, YKR058W	6183.Smp_157950.1, 6183.Smp_008490.1
OG0000306	YDR002W, YLR335W, YIL063C	6183.Smp_016410.1
OG0000307	YHR050W, YLR034C, YOL122C	6183.Smp_099850.3
OG0000308	YLR380W, YMR079W, YKL091C	6183.Smp_159400.1
OG0000310	YLR448W, YML073C	6183.Smp_010660.1, 6183.Smp_038510.1
OG0000311	YOR297C, YDR178W, YLR164W	6183.Smp_037910.1
OG0000312	YGL147C, YNL067W, YHR147C	6183.Smp_018990.1
OG0000313	YOR317W, YMR246W, YIL009W	6183.Smp_103160.2
OG0000314	YDL209C, YHR086W, YBR212W	6183.Smp_064640.1
OG0000318	YLR055C	6183.Smp_210840.1
OG0000318	YKL018W	6183.Smp_151180.1
OG0000321	YLL052C, YPR192W, YLL053C	6183.Smp_128110.1
OG0000322	YBR084W, YGR204W, YKR080W	6183.Smp_147650.1
OG0000324	YMR321C, YPL273W, YLL062C	6183.Smp_210320.1
OG0000325	YGR201C, YKL081W, YPL048W	6183.Smp_083410.1
OG0000326	YHR016C, YFR024C-A	6183.Smp_122030.1, 6183.Smp_036990.1
OG0000327	YDR111C, YLR089C	6183.Smp_007760.1, 6183.Smp_130540.1
OG0000328	YMR056C, YBR085W, YBL030C	6183.Smp_079220.1
OG0000329	YOR069W	6183.Smp_042550.1
OG0000329	YKR078W	6183.Smp_003140.1
OG0000330	YFR014C, YOL016C	6183.Smp_153170.1, 6183.Smp_065290.1
OG0000331	YCR083W, YLR043C, YGR209C	6183.Smp_008070.1
OG0000332	YGR238C, YHR158C, YPL263C	6183.Smp_025700.1
OG0000333	YDR515W, YCL037C	6183.Smp_101820.1, 6183.Smp_122800.1
OG0000334	YIL114C, YNL055C	6183.Smp_091240.1, 6183.Smp_022990.1
OG0000335	YCR037C, YJL198W, YNR013C	6183.Smp_170080.1
OG0000338	YHR119W	6183.Smp_070170.1, 6183.Smp_138030.1, 6183.Smp_081440.1
OG0000339	YCL001W-A, YCL001W-B, YNL001W	6183.Smp_002960.1
OG0000342	YNL035C	6183.Smp_027750.1, 6183.Smp_150390.3, 6183.Smp_194110.1
OG0000343	YOR275C	6183.Smp_087620.1, 6183.Smp_087580.1, 6183.Smp_075810.1
OG0000347	YMR297W, YBR139W	6183.Smp_172590.1, 6183.Smp_163970.1
OG0000348	YML072C, YOR086C, YNL087W	6183.Smp_050640.1
OG0000349	YDL134C, YDL188C, YNL217W	6183.Smp_165490.1
OG0000351	YDL019C, YAR042W	6183.Smp_058980.2, 6183.Smp_128150.1
OG0000352	YJL130C	6183.Smp_186670.1
OG0000352	YLR126C	6183.Smp_113640.1
OG0000354	YGL227W	6183.Smp_161080.1, 6183.Smp_132050.1, 6183.Smp_142170.1
OG0000355	YNL305C	6183.Smp_210790.1, 6183.Smp_181470.1, 6183.Smp_150500.1
OG0000356	YKR024C	6183.Smp_057020.1, 6183.Smp_152770.1, 6183.Smp_152720.1
OG0000357	YER089C, YBL056W	6183.Smp_148510.1, 6183.Smp_020040.2
OG0000359	YOR057W	6183.Smp_020800.1, 6183.Smp_168350.1, 6183.Smp_010160.1
OG0000361	YDR258C, YLL026W	6183.Smp_046190.1, 6183.Smp_145990.1
OG0000362	YOR239W	6183.Smp_042630.1, 6183.Smp_061500.1, 6183.Smp_037930.1
OG0000363	YBL103C, YOL067C	6183.Smp_160710.1, 6183.Smp_161250.1
OG0000364	YLR193C, YLR168C, YDR185C	6183.Smp_059100.1
OG0000365	YHR075C	6183.Smp_175460.1, 6183.Smp_211030.1, 6183.Smp_146390.1
OG0000368	YEL056W, YLR196W	6183.Smp_212260.1, 6183.Smp_068950.1
OG0000371	YMR192W, YPL249C	6183.Smp_070310.1, 6183.Smp_007210.1
OG0000372	YMR020W	6183.Smp_150560.1, 6183.Smp_162940.1, 6183.Smp_160810.1
OG0000373	YDR453C, YML028W	6183.Smp_059480.1, 6183.Smp_062900.1
OG0000374	YOR156C, YDR409W	6183.Smp_172130.1, 6183.Smp_153010.1
OG0000375	YMR189W	6183.Smp_128690.1, 6183.Smp_132080.1, 6183.Smp_171870.1
OG0000376	YOR134W, YDR389W	6183.Smp_151960.1, 6183.Smp_021590.1
OG0000377	YKL008C, YHL003C	6183.Smp_122050.1, 6183.Smp_042440.1
OG0000378	YNL189W	6183.Smp_168490.1, 6183.Smp_174910.1, 6183.Smp_051210.1
OG0000379	YJR125C	6183.Smp_031100.1
OG0000379	YDR153C	6183.Smp_202480.1
OG0000380	YGL063W, YPL212C	6183.Smp_086450.1, 6183.Smp_076550.1
OG0000381	YDR456W	6183.Smp_146750.1, 6183.Smp_146740.1, 6183.Smp_045680.1
OG0000382	YOL066C, YDL036C	6183.Smp_047860.1, 6183.Smp_084340.1
OG0000384	YLR389C	6183.Smp_128100.1, 6183.Smp_011100.1, 6183.Smp_146010.1
OG0000385	YML096W, YGR124W, YPR145W	6183.Smp_133540.1
OG0000386	YPR028W	6183.Smp_027040.1, 6183.Smp_099890.1, 6183.Smp_010370.1
OG0000387	YOR261C	6183.Smp_078320.1, 6183.Smp_126690.1, 6183.Smp_026630.1
OG0000388	YMR239C	6183.Smp_142510.2, 6183.Smp_033600.1, 6183.Smp_169750.1
OG0000389	YDR364C	6183.Smp_074370.1
OG0000389	YOL087C	6183.Smp_080320.1
OG0000390	YLR277C	6183.Smp_084380.1
OG0000390	YOR179C	6183.Smp_211110.1
OG0000394	YOR367W	6183.Smp_078690.1, 6183.Smp_126480.1, 6183.Smp_086330.1
OG0000395	YDR341C, YHR091C	6183.Smp_153430.1, 6183.Smp_133280.1
OG0000396	YGL190C	6183.Smp_173810.1, 6183.Smp_172910.1, 6183.Smp_118200.1
OG0000397	YKR051W	6183.Smp_126920.1, 6183.Smp_158190.1, 6183.Smp_076520.1
OG0000398	YKL092C	6183.Smp_155120.1, 6183.Smp_164680.1, 6183.Smp_144590.1
OG0000399	YHR110W, YGL002W, YAR002C-A	6183.Smp_072950.1
OG0000400	YDR313C	6183.Smp_063260.1, 6183.Smp_055130.1, 6183.Smp_144330.1
OG0000401	YNL148C	6183.Smp_149200.1, 6183.Smp_059130.1, 6183.Smp_055400.1
OG0000402	YDR242W	6183.Smp_004220.1, 6183.Smp_167750.1, 6183.Smp_124410.1
OG0000403	YGR058W	6183.Smp_136640.1, 6183.Smp_067490.1, 6183.Smp_067480.3
OG0000404	YFR019W	6183.Smp_156680.1, 6183.Smp_156700.1, 6183.Smp_199810.1
OG0000405	YDR126W	6183.Smp_201760.1, 6183.Smp_073070.1, 6183.Smp_146700.1
OG0000406	YFR048W, YDL001W, YDR282C	6183.Smp_084860.1
OG0000407	YNL084C	6183.Smp_156950.1, 6183.Smp_019100.1, 6183.Smp_065180.1
OG0000408	YOL068C, YDL042C	6183.Smp_055090.1, 6183.Smp_138640.1
OG0000409	YIL033C	6183.Smp_019280.1, 6183.Smp_079010.1, 6183.Smp_131050.1
OG0000410	YDR527W	6183.Smp_129590.1, 6183.Smp_158530.1, 6183.Smp_158540.1
OG0000411	YNL320W	6183.Smp_038830.1, 6183.Smp_027000.1, 6183.Smp_010280.1
OG0000412	YBL032W	6183.Smp_005860.1, 6183.Smp_155850.1, 6183.Smp_065580.3
OG0000413	YLR016C	6183.Smp_124110.1, 6183.Smp_157940.1, 6183.Smp_137380.1
OG0000414	YBR260C	6183.Smp_145770.1, 6183.Smp_173570.1, 6183.Smp_094890.1
OG0000480	YEL041W, YJR049C	6183.Smp_094870.1
OG0000482	YBL055C	6183.Smp_000810.2, 6183.Smp_147810.1
OG0000483	YCR031C, YJL191W	6183.Smp_053830.1
OG0000484	YDR523C	6183.Smp_081410.1, 6183.Smp_096640.1
OG0000486	YAL016W	6183.Smp_172280.1, 6183.Smp_153410.1
OG0000487	YDR018C, YBR042C	6183.Smp_095580.1
OG0000489	YCR052W, YNR023W	6183.Smp_134330.1
OG0000490	YJR105W	6183.Smp_008360.1, 6183.Smp_008400.1
OG0000491	YMR032W, YHL002W	6183.Smp_126520.1
OG0000492	YER056C-A, YIL052C	6183.Smp_211250.1
OG0000493	YBR031W, YDR012W	6183.Smp_153790.1
OG0000494	YEL054C, YDR418W	6183.Smp_012750.1
OG0000495	YLR025W, YDR486C	6183.Smp_045710.1
OG0000496	YER146W, YOR159C	6183.Smp_129760.1
OG0000497	YPL089C, YBR182C	6183.Smp_161530.1
OG0000501	YMR105C, YKL127W	6183.Smp_180530.1
OG0000502	YOL081W, YBR140C	6183.Smp_148460.1
OG0000503	YOR286W, YOR285W	6183.Smp_007450.2
OG0000504	YPR103W	6183.Smp_164840.1, 6183.Smp_017860.1
OG0000505	YKL139W	6183.Smp_094760.1, 6183.Smp_003000.1
OG0000506	YGL097W, YBR280C	6183.Smp_076530.1
OG0000507	YJL177W, YKL180W	6183.Smp_024850.1
OG0000508	YBR091C, YHR005C-A	6183.Smp_016130.1
OG0000510	YJL133W, YKR052C	6183.Smp_055190.1
OG0000512	YLR238W, YDR200C	6183.Smp_070920.1
OG0000513	YOL120C, YNL301C	6183.Smp_031570.1
OG0000514	YLR180W, YDR502C	6183.Smp_002080.1
OG0000515	YBR083W	6183.Smp_066050.1, 6183.Smp_141830.1
OG0000517	YPL198W, YGL076C	6183.Smp_101450.1
OG0000518	YKR094C, YIL148W	6183.Smp_089430.1
OG0000519	YDR214W, YNL281W	6183.Smp_083080.1
OG0000521	YDR358W, YHR108W	6183.Smp_174690.1
OG0000522	YBL079W, YER105C	6183.Smp_169330.1
OG0000523	YGL096W, YPL177C	6183.Smp_174150.1
OG0000524	YKL157W, YHR047C	6183.Smp_091470.1
OG0000526	YOL107W	6183.Smp_179060.1, 6183.Smp_002870.1
OG0000527	YML075C, YLR450W	6183.Smp_138590.1
OG0000528	YCL064C, YGL026C	6183.Smp_137330.1
OG0000532	YMR233W, YOR295W	6183.Smp_006830.1
OG0000533	YHR010W, YDR471W	6183.Smp_063350.1
OG0000534	YPL191C, YGL082W	6183.Smp_042990.1
OG0000535	YMR118C, YKL141W	6183.Smp_008310.1
OG0000536	YKR048C	6183.Smp_023530.1, 6183.Smp_155060.2
OG0000538	YLR170C	6183.Smp_060700.1, 6183.Smp_019990.1
OG0000540	YOR038C, YBL008W	6183.Smp_090070.1
OG0000542	YOL034W, YFR031C	6183.Smp_171710.1
OG0000543	YPL090C, YBR181C	6183.Smp_053130.1
OG0000547	YJR047C, YEL034W	6183.Smp_039400.1
OG0000548	YNL162W, YHR141C	6183.Smp_035790.1
OG0000549	YER144C, YDR069C	6183.Smp_152000.1
OG0000550	YIL044C	6183.Smp_021290.1, 6183.Smp_142850.1
OG0000551	YBL067C, YER098W	6183.Smp_000710.1
OG0000552	YLR310C	6183.Smp_176690.1, 6183.Smp_166070.1
OG0000553	YLR270W, YOR173W	6183.Smp_163300.1
OG0000554	YFR021W, YPL100W	6183.Smp_150510.1
OG0000556	YLR017W	6183.Smp_171620.1, 6183.Smp_028190.1
OG0000557	YGL189C, YER131W	6183.Smp_031310.1
OG0000559	YJR008W	6183.Smp_175570.1, 6183.Smp_097240.2
OG0000560	YIL133C, YNL069C	6183.Smp_090230.1
OG0000562	YJR145C, YHR203C	6183.Smp_011570.1
OG0000564	YIR001C	6183.Smp_007630.1, 6183.Smp_079490.1
OG0000565	YJR048W, YEL039C	6183.Smp_033400.1
OG0000566	YDL083C, YMR143W	6183.Smp_119920.1
OG0000567	YDR057W	6183.Smp_197920.1, 6183.Smp_149050.2
OG0000568	YGR095C, YGR195W	6183.Smp_012110.1
OG0000569	YAL062W, YOR375C	6183.Smp_093820.1
OG0000570	YGR038W, YLR350W	6183.Smp_210360.1
OG0000571	YPL213W	6183.Smp_162450.1, 6183.Smp_141280.1
OG0000575	YDR427W	6183.Smp_025690.1, 6183.Smp_178810.1
OG0000576	YLR045C	6183.Smp_176010.1, 6183.Smp_054790.2
OG0000578	YER177W, YDR099W	6183.Smp_034840.2
OG0000579	YGR188C, YJL013C	6183.Smp_210110.1
OG0000580	YDR287W, YHR046C	6183.Smp_095000.2
OG0000581	YPR074C, YBR117C	6183.Smp_059790.2
OG0000582	YIL149C, YKR095W	6183.Smp_160850.1
OG0000583	YDR448W	6183.Smp_004040.1, 6183.Smp_066720.1
OG0000584	YDR180W	6183.Smp_167860.1, 6183.Smp_017810.1
OG0000585	YPL106C, YBR169C	6183.Smp_069130.2
OG0000586	YKL100C	6183.Smp_154770.1, 6183.Smp_203140.1
OG0000589	YNL125C, YKL221W	6183.Smp_151010.1
OG0000591	YAL038W	6183.Smp_156360.1, 6183.Smp_065610.1
OG0000592	YGR152C	6183.Smp_142450.1, 6183.Smp_071250.1
OG0000593	YOR034C, YDR264C	6183.Smp_136530.1
OG0000594	YJR119C	6183.Smp_019170.1, 6183.Smp_156290.1
OG0000595	YPR080W, YBR118W	6183.Smp_099870.1
OG0000596	YPR102C, YGR085C	6183.Smp_050940.1
OG0000597	YCR011C	6183.Smp_137890.1, 6183.Smp_126450.1
OG0000598	YDR284C	6183.Smp_171720.1, 6183.Smp_085240.2
OG0000600	YDL234C	6183.Smp_130480.1, 6183.Smp_207030.1
OG0000601	YCL057W	6183.Smp_029500.1, 6183.Smp_029470.1
OG0000602	YOL092W, YBR147W	6183.Smp_210560.1
OG0000603	YBR189W, YPL081W	6183.Smp_180000.1
OG0000605	YLR271W	6183.Smp_083150.1, 6183.Smp_084540.2
OG0000607	YJL136C, YKR057W	6183.Smp_146190.1
OG0000608	YPL127C	6183.Smp_162370.1, 6183.Smp_003770.1
OG0000610	YIL106W	6183.Smp_070610.2, 6183.Smp_095470.1
OG0000611	YJL060W	6183.Smp_123750.1, 6183.Smp_093100.1
OG0000612	YBR010W, YNL031C	6183.Smp_082240.1
OG0000613	YOR346W	6183.Smp_146090.1, 6183.Smp_143760.1
OG0000617	YDL070W, YLR399C	6183.Smp_147950.1
OG0000618	YDL155W, YLR210W	6183.Smp_082490.1
OG0000619	YJR063W	6183.Smp_072800.1, 6183.Smp_078220.1
OG0000620	YML026C, YDR450W	6183.Smp_074780.1
OG0000621	YNR007C	6183.Smp_077400.1, 6183.Smp_044470.1
OG0000623	YBR084C-A, YBL027W	6183.Smp_171570.1
OG0000625	YKR003W, YHR001W	6183.Smp_156000.2
OG0000626	YKL140W	6183.Smp_146180.1, 6183.Smp_011000.1
OG0000627	YMR243C, YOR316C	6183.Smp_069170.1
OG0000628	YAR018C	6183.Smp_176970.1, 6183.Smp_177920.1
OG0000629	YDL082W, YMR142C	6183.Smp_022640.1
OG0000630	YLR406C, YDL075W	6183.Smp_050280.1
OG0000632	YDR339C	6183.Smp_083180.2, 6183.Smp_012540.1
OG0000633	YDR096W, YER169W	6183.Smp_132170.1
OG0000634	YIL031W, YPL020C	6183.Smp_033260.2
OG0000636	YGR091W	6183.Smp_161460.1, 6183.Smp_163030.1
OG0000639	YGL031C, YGR148C	6183.Smp_001830.1
OG0000640	YIL051C, YER057C	6183.Smp_151690.1
OG0000641	YHR204W	6183.Smp_174470.1, 6183.Smp_100120.1
OG0000643	YOR280C, YMR222C	6183.Smp_058880.1
OG0000644	YNL049C, YIL109C	6183.Smp_128740.1
OG0000645	YLR133W, YDR147W	6183.Smp_132570.1
OG0000646	YDL136W, YDL191W	6183.Smp_004940.1
OG0000647	YLR026C	6183.Smp_176270.1, 6183.Smp_015440.1
OG0000648	YKL203C, YJR066W	6183.Smp_122910.1
OG0000650	YPR043W, YJR094W-A	6183.Smp_105320.1
OG0000651	YLR328W, YGR010W	6183.Smp_123490.1
OG0000653	YOR133W, YDR385W	6183.Smp_143150.1
OG0000655	YBR048W, YDR025W	6183.Smp_032760.1
OG0000657	YHR021C, YKL156W	6183.Smp_041650.1
OG0000658	YGR096W	6183.Smp_058130.1, 6183.Smp_093630.2
OG0000659	YLR333C, YGR027C	6183.Smp_017450.1
OG0000660	YOL049W	6183.Smp_142960.1, 6183.Smp_017980.1
OG0000661	YNR034W, YCR073W-A	6183.Smp_081460.3
OG0000664	YFR045W, YBR291C	6183.Smp_149320.1
OG0000665	YNL223W	6183.Smp_039820.1, 6183.Smp_124830.1
OG0000666	YDL227C, YDL185W	6183.Smp_147050.1
OG0000667	YKL006W, YHL001W	6183.Smp_175740.2
OG0000668	YML063W, YLR441C	6183.Smp_073880.1
OG0000669	YNL178W	6183.Smp_027610.1, 6183.Smp_131450.1
OG0000670	YKR035W-A	6183.Smp_079000.1, 6183.Smp_055880.2
OG0000671	YFL008W, YLR383W	6183.Smp_136970.1
OG0000672	YOL013C	6183.Smp_157360.1, 6183.Smp_161580.1
OG0000673	YOR272W	6183.Smp_151390.2, 6183.Smp_040450.1
OG0000674	YER117W, YBL087C	6183.Smp_007900.1
OG0000675	YNL299W, YOL115W	6183.Smp_145600.1
OG0000676	YGR066C, YBR105C	6183.Smp_190020.1
OG0000677	YDR500C, YLR185W	6183.Smp_035800.1
OG0000678	YER120W, YBL091C-A	6183.Smp_136240.6
OG0000679	YPR154W, YGR136W	6183.Smp_173170.1
OG0000680	YBL047C	6183.Smp_171650.1, 6183.Smp_135790.1
OG0000681	YPL143W, YOR234C	6183.Smp_061200.1
OG0000682	YGR034W, YLR344W	6183.Smp_098960.1
OG0000684	YBR251W, YGL123W	6183.Smp_013470.2
OG0000685	YNL155W	6183.Smp_138890.2, 6183.Smp_026390.1
OG0000686	YIL006W, YEL006W	6183.Smp_044020.1
OG0000687	YDR447C, YML024W	6183.Smp_055050.1
OG0000688	YPR132W, YGR118W	6183.Smp_074470.1
OG0000689	YIL095W, YNL020C	6183.Smp_176750.1
OG0000690	YOR175C	6183.Smp_079860.2, 6183.Smp_173790.1
OG0000691	YGL253W, YFR053C	6183.Smp_043030.1
OG0000692	YNR019W, YCR048W	6183.Smp_127280.1
OG0000693	YDR334W	6183.Smp_128890.2, 6183.Smp_148830.1
OG0000694	YJL190C, YLR367W	6183.Smp_076740.1
OG0000695	YLR029C, YMR121C	6183.Smp_032260.1
OG0000697	YMR035W, YMR150C	6183.Smp_018430.1
OG0000699	YDR263C, YOR033C	6183.Smp_012480.1
OG0000700	YOR116C	6183.Smp_212320.1, 6183.Smp_157740.1
OG0000701	YLR136C, YDR151C	6183.Smp_087320.1
OG0000702	YJR057W	6183.Smp_001360.1, 6183.Smp_032810.1
OG0000703	YPL220W, YGL135W	6183.Smp_042090.1
OG0000706	YOR089C, YNL093W	6183.Smp_040570.1
OG0000707	YLR314C	6183.Smp_003620.1, 6183.Smp_060070.1
OG0000708	YLR209C	6183.Smp_090520.1, 6183.Smp_179110.1
OG0000709	YLR019W, YLL010C	6183.Smp_154650.1
OG0000710	YLR048W, YGR214W	6183.Smp_179180.1
OG0000711	YOR245C	6183.Smp_158520.1, 6183.Smp_158510.1
OG0000712	YBR296C	6183.Smp_116290.1, 6183.Smp_094660.1
OG0000714	YJR110W	6183.Smp_083540.1, 6183.Smp_012970.1
OG0000715	YML097C	6183.Smp_129990.1, 6183.Smp_145180.1
OG0000717	YBL040C	6183.Smp_154160.1, 6183.Smp_007730.1
OG0000719	YDL114W, YLR426W	6183.Smp_151030.1
OG0000720	YDR107C, YLR083C	6183.Smp_163130.1
OG0000721	YBL016W	6183.Smp_142050.1, 6183.Smp_047900.1
OG0000722	YCR057C	6183.Smp_126910.1, 6183.Smp_173580.1
OG0000723	YOR293W, YMR230W	6183.Smp_066890.1
OG0000724	YJL112W, YKR036C	6183.Smp_139250.1
OG0000725	YFR031C-A, YIL018W	6183.Smp_051260.1
OG0000727	YNR012W, YNL129W	6183.Smp_207070.1
OG0000729	YBR210W, YGL054C	6183.Smp_082990.1
OG0000730	YHR162W, YGR243W	6183.Smp_099420.1
OG0000731	YDR164C	6183.Smp_131870.1, 6183.Smp_146400.1
OG0000732	YBR109C	6183.Smp_026560.2, 6183.Smp_103000.1
OG0000733	YLR260W, YOR171C	6183.Smp_157100.1
OG0000734	YNL023C	6183.Smp_156040.1, 6183.Smp_156020.1
OG0000735	YJR031C, YEL022W	6183.Smp_101280.1
OG0000736	YML121W	6183.Smp_152790.1, 6183.Smp_202170.1
OG0000739	YHR123W, YNL130C	6183.Smp_135260.1
OG0000740	YBR202W	6183.Smp_161880.1, 6183.Smp_032500.1
OG0000741	YKL218C, YER086W	6183.Smp_137520.1
OG0000742	YBL072C, YER102W	6183.Smp_054780.1
OG0000744	YGR256W, YHR183W	6183.Smp_071840.1
OG0000745	YKR043C, YKL152C	6183.Smp_096760.1
OG0000746	YOR022C	6183.Smp_210300.1, 6183.Smp_141150.1
OG0000747	YNL202W	6183.Smp_042680.1, 6183.Smp_212250.1
OG0000748	YGR123C	6183.Smp_090860.1, 6183.Smp_139860.1
OG0000749	YDL030W	6183.Smp_003630.1, 6183.Smp_161960.1
OG0000750	YJL105W, YKR029C	6183.Smp_169930.1
OG0000751	YBR020W, YDR009W	6183.Smp_078400.1
OG0000752	YKL033W-A	6183.Smp_178890.1, 6183.Smp_042390.1
OG0000753	YPL037C, YDR252W	6183.Smp_002180.1
OG0000754	YKL010C	6183.Smp_152780.1, 6183.Smp_172420.1
OG0000755	YMR116C	6183.Smp_187870.1, 6183.Smp_102040.1
OG0000756	YGR184C, YLR024C	6183.Smp_176060.1
OG0000757	YOR219C, YHR028C	6183.Smp_057530.1
OG0000758	YLR287C-A, YOR182C	6183.Smp_014650.1
OG0000759	YDR226W	6183.Smp_061940.1, 6183.Smp_158730.1
OG0000760	YLR298C	6183.Smp_113660.1, 6183.Smp_091300.1
OG0000761	YDL081C, YDL130W	6183.Smp_041980.1
OG0000762	YER136W	6183.Smp_024520.1, 6183.Smp_094420.1
OG0000763	YMR042W, YMR043W	6183.Smp_097730.1
OG0000764	YJR078W	6183.Smp_133890.1, 6183.Smp_133900.1
OG0000765	YFL037W	6183.Smp_192110.1, 6183.Smp_078040.1
OG0000767	YLR061W, YFL034C-A	6183.Smp_085300.1
OG0000768	YDR481C	6183.Smp_145290.1, 6183.Smp_155890.1
OG0000769	YGL195W	6183.Smp_075950.1, 6183.Smp_134860.1
OG0000770	YMR029C	6183.Smp_141040.1, 6183.Smp_166080.2
OG0000771	YLR284C, YOR180C	6183.Smp_078280.1
OG0000772	YKL056C	6183.Smp_054240.1, 6183.Smp_122680.1
OG0000773	YLL045C, YHL033C	6183.Smp_210310.1
OG0000774	YLL019C	6183.Smp_134560.1, 6183.Smp_058620.1
OG0000775	YNL138W	6183.Smp_161550.1, 6183.Smp_014010.1
OG0000776	YOL121C, YNL302C	6183.Smp_174950.1
OG0000777	YMR102C, YKL121W	6183.Smp_171200.1
OG0000778	YNL101W, YKL146W	6183.Smp_029360.1
OG0000779	YGR233C, YPL110C	6183.Smp_162910.1
OG0000780	YPL249C-A, YMR194W	6183.Smp_063300.1
OG0000781	YPR160W	6183.Smp_143840.1, 6183.Smp_039750.1
OG0000782	YLR442C, YML065W	6183.Smp_180380.1
OG0000783	YLR178C, YLR179C	6183.Smp_050700.1
OG0000784	YFR028C	6183.Smp_171590.1, 6183.Smp_059290.1
OG0000785	YNL204C, YDL226C	6183.Smp_152370.1
OG0000786	YDR314C, YER162C	6183.Smp_021550.1
OG0000787	YBL102W	6183.Smp_067780.1, 6183.Smp_002100.1
OG0000788	YIL069C, YER074W	6183.Smp_091640.1
OG0000789	YNL096C, YOR096W	6183.Smp_021140.1
OG0000790	YLR351C	6183.Smp_056890.1, 6183.Smp_152710.2
OG0000791	YBR235W	6183.Smp_165670.1, 6183.Smp_153480.1
OG0000792	YPL268W	6183.Smp_100010.1, 6183.Smp_146330.1
OG0000793	YOR109W, YNL106C	6183.Smp_159670.1
OG0000794	YLR387C, YBR267W	6183.Smp_163430.1
OG0000795	YDR098C, YER174C	6183.Smp_006550.1
OG0000796	YLR422W	6183.Smp_176770.1, 6183.Smp_211000.1
OG0000797	YJL035C	6183.Smp_053790.1, 6183.Smp_053780.1
OG0000798	YIR009W	6183.Smp_069880.1, 6183.Smp_069870.1
OG0000799	YBR037C, YBR024W	6183.Smp_034700.3
OG0000800	YPL203W	6183.Smp_152330.1, 6183.Smp_164380.1
OG0000801	YLR208W	6183.Smp_090870.1, 6183.Smp_137210.1
OG0000802	YOR136W	6183.Smp_196160.1, 6183.Smp_203680.1
OG0000803	YDR006C	6183.Smp_203220.1, 6183.Smp_131420.1
OG0000804	YNL274C	6183.Smp_211270.1, 6183.Smp_150110.1
OG0000805	YNR035C	6183.Smp_127830.1, 6183.Smp_010690.1
OG0000806	YDR139C	6183.Smp_125770.2, 6183.Smp_130170.1
OG0000807	YLR038C	6183.Smp_144000.1, 6183.Smp_144010.1
OG0000808	YOL123W	6183.Smp_131640.1, 6183.Smp_154730.1
OG0000809	YBR191W, YPL079W	6183.Smp_022560.2
OG0000810	YJL141C	6183.Smp_150860.1, 6183.Smp_141230.1
OG0000811	YCR023C	6183.Smp_054640.1, 6183.Smp_198280.1
OG0000812	YDR167W	6183.Smp_130430.1, 6183.Smp_205840.1
OG0000813	YPR107C	6183.Smp_037380.1, 6183.Smp_095670.1
OG0000814	YLR222C	6183.Smp_050470.1, 6183.Smp_144870.1
OG0000815	YAL058W	6183.Smp_043150.1, 6183.Smp_030370.1
OG0000816	YBL049W	6183.Smp_200020.1, 6183.Smp_152180.1
OG0000817	YJL097W	6183.Smp_022700.2, 6183.Smp_121880.1
OG0000818	YDR411C	6183.Smp_059350.2, 6183.Smp_019880.1
OG0000819	YGL006W	6183.Smp_199210.1, 6183.Smp_137170.1
OG0000820	YJL102W	6183.Smp_165840.1, 6183.Smp_165720.1
OG0000821	YJL128C	6183.Smp_151670.1, 6183.Smp_026510.1
OG0000822	YKL029C	6183.Smp_128360.1, 6183.Smp_134440.2
OG0000962	YMR027W	6183.Smp_049140.1
OG0000963	YNR017W	6183.Smp_080980.1
OG0000964	YMR290C	6183.Smp_094020.1
OG0000965	YMR139W	6183.Smp_008260.1
OG0000970	YLR128W	6183.Smp_105330.1
OG0000971	YNL288W	6183.Smp_210680.1
OG0000973	YOR206W	6183.Smp_154980.1
OG0000975	YPL217C	6183.Smp_100030.1
OG0000976	YOR341W	6183.Smp_129500.1
OG0000978	YLR075W	6183.Smp_013200.2
OG0000980	YKL002W	6183.Smp_016390.1
OG0000982	YPL009C	6183.Smp_052790.1
OG0000983	YDR243C	6183.Smp_093690.2
OG0000984	YGR005C	6183.Smp_121640.1
OG0000985	YOR160W	6183.Smp_164410.1
OG0000987	YOR039W	6183.Smp_025010.1
OG0000991	YNL297C	6183.Smp_212080.1
OG0000992	YNL102W	6183.Smp_178260.1
OG0000994	YOR281C	6183.Smp_086760.1
OG0000996	YFR027W	6183.Smp_065150.1
OG0001001	YAL003W	6183.Smp_030690.1
OG0001002	YBL037W	6183.Smp_074020.1
OG0001003	YDR232W	6183.Smp_045260.1
OG0001004	YER159C	6183.Smp_167570.1
OG0001007	YNR001C	6183.Smp_204770.1
OG0001010	YFR052W	6183.Smp_047740.1
OG0001011	YGL211W	6183.Smp_040560.1
OG0001012	YBL022C	6183.Smp_126490.1
OG0001014	YOR270C	6183.Smp_040970.1
OG0001015	YOR115C	6183.Smp_210420.1
OG0001017	YER183C	6183.Smp_087230.1
OG0001020	YDR489W	6183.Smp_042430.2
OG0001022	YDL015C	6183.Smp_081820.3
OG0001023	YNL221C	6183.Smp_084810.1
OG0001029	YNR052C	6183.Smp_021870.1
OG0001030	YNL061W	6183.Smp_005080.1
OG0001031	YER172C	6183.Smp_105700.1
OG0001032	YGR181W	6183.Smp_061560.1
OG0001033	YLR272C	6183.Smp_131070.1
OG0001034	YNL284C	6183.Smp_021080.1
OG0001036	YMR012W	6183.Smp_161480.1
OG0001038	YJR131W	6183.Smp_018150.1
OG0001039	YDL097C	6183.Smp_061650.1
OG0001042	YIL126W	6183.Smp_158050.1
OG0001043	YPL111W	6183.Smp_059980.1
OG0001045	YBR243C	6183.Smp_051360.1
OG0001047	YBR234C	6183.Smp_134400.1
OG0001050	YGL017W	6183.Smp_101220.1
OG0001051	YBR179C	6183.Smp_132620.2
OG0001052	YBR247C	6183.Smp_046550.1
OG0001053	YOL038W	6183.Smp_076230.1
OG0001054	YOL124C	6183.Smp_077670.1
OG0001057	YML085C	6183.Smp_103790.1
OG0001059	YKL172W	6183.Smp_160420.1
OG0001062	YPL059W	6183.Smp_212580.2
OG0001063	YPL218W	6183.Smp_073590.1
OG0001064	YBR227C	6183.Smp_063480.1
OG0001065	YMR224C	6183.Smp_068110.1
OG0001067	YAL019W	6183.Smp_022310.1
OG0001068	YKL149C	6183.Smp_007190.1
OG0001069	YFL018C	6183.Smp_046740.1
OG0001073	YDL045C	6183.Smp_126650.1
OG0001075	YBR160W	6183.Smp_073340.1
OG0001076	YMR304W	6183.Smp_089180.1
OG0001078	YOR335C	6183.Smp_038240.1
OG0001080	YBL080C	6183.Smp_181240.1
OG0001081	YEL032W	6183.Smp_037590.1
OG0001082	YKL110C	6183.Smp_196910.1
OG0001083	YPL006W	6183.Smp_039130.1
OG0001084	YHR132C	6183.Smp_088270.1
OG0001085	YMR240C	6183.Smp_096810.1
OG0001087	YNL039W	6183.Smp_052800.1
OG0001089	YML001W	6183.Smp_067140.1
OG0001091	YLR253W	6183.Smp_098370.2
OG0001094	YNR036C	6183.Smp_095590.1
OG0001095	YGR098C	6183.Smp_167810.1
OG0001096	YPR181C	6183.Smp_099310.1
OG0001098	YDR460W	6183.Smp_045750.1
OG0001099	YJR069C	6183.Smp_063120.1
OG0001101	YJL008C	6183.Smp_046090.2
OG0001102	YCR036W	6183.Smp_044850.1
OG0001105	YDL028C	6183.Smp_171610.1
OG0001106	YCR063W	6183.Smp_092380.1
OG0001107	YOR157C	6183.Smp_073410.1
OG0001108	YDR060W	6183.Smp_132590.1
OG0001110	YGR172C	6183.Smp_027080.1
OG0001111	YJR040W	6183.Smp_071970.1
OG0001112	YBR229C	6183.Smp_018760.1
OG0001113	YPL091W	6183.Smp_048430.1
OG0001114	YER013W	6183.Smp_157510.1
OG0001115	YLR117C	6183.Smp_148230.1
OG0001116	YOR274W	6183.Smp_102920.1
OG0001117	YDR097C	6183.Smp_042670.2
OG0001119	YNR041C	6183.Smp_202500.1
OG0001120	YOR093C	6183.Smp_212570.1
OG0001121	YDL160C	6183.Smp_211330.1
OG0001122	YBR143C	6183.Smp_066630.1
OG0001123	YNL263C	6183.Smp_023230.1
OG0001124	YNL059C	6183.Smp_125790.1
OG0001127	YLR069C	6183.Smp_075690.1
OG0001129	YOR207C	6183.Smp_153760.2
OG0001131	YLR008C	6183.Smp_151650.1
OG0001132	YER094C	6183.Smp_121430.2
OG0001133	YLR231C	6183.Smp_023470.1
OG0001134	YOL005C	6183.Smp_040710.1
OG0001135	YKR038C	6183.Smp_012450.1
OG0001137	YIL065C	6183.Smp_032230.1
OG0001138	YPL175W	6183.Smp_046880.2
OG0001140	YLR103C	6183.Smp_047610.1
OG0001141	YNL026W	6183.Smp_166680.1
OG0001142	YFR006W	6183.Smp_090800.1
OG0001143	YDR129C	6183.Smp_037230.1
OG0001144	YHL032C	6183.Smp_141770.1
OG0001146	YDL066W	6183.Smp_163050.1
OG0001147	YGR274C	6183.Smp_166840.1
OG0001148	YDR302W	6183.Smp_133440.1
OG0001151	YPL125W	6183.Smp_049920.3
OG0001152	YMR260C	6183.Smp_024880.1
OG0001153	YBR097W	6183.Smp_123610.1
OG0001154	YLR429W	6183.Smp_012720.1
OG0001155	YNL169C	6183.Smp_021830.1
OG0001156	YBR136W	6183.Smp_162340.1
OG0001157	YDR101C	6183.Smp_150690.1
OG0001160	YDR212W	6183.Smp_017360.1
OG0001161	YBR039W	6183.Smp_033670.5
OG0001163	YAL048C	6183.Smp_149440.1
OG0001165	YJR138W	6183.Smp_066370.1
OG0001169	YOR349W	6183.Smp_153590.1
OG0001171	YBR087W	6183.Smp_050820.1
OG0001172	YOL090W	6183.Smp_199070.1
OG0001173	YOR271C	6183.Smp_136960.1
OG0001174	YPL270W	6183.Smp_063000.1
OG0001176	YBR121C	6183.Smp_040800.1
OG0001177	YDR168W	6183.Smp_067900.1
OG0001178	YAL025C	6183.Smp_050360.1
OG0001179	YGR006W	6183.Smp_059360.1
OG0001180	YOR106W	6183.Smp_148320.1
OG0001182	YBR026C	6183.Smp_026310.1
OG0001184	YGL040C	6183.Smp_045810.1
OG0001185	YKL135C	6183.Smp_034870.1
OG0001186	YIR022W	6183.Smp_031730.1
OG0001188	YNL248C	6183.Smp_137830.1
OG0001189	YLR304C	6183.Smp_063090.1
OG0001190	YPR110C	6183.Smp_004640.1
OG0001193	YHR186C	6183.Smp_159000.1
OG0001194	YDR238C	6183.Smp_124430.1
OG0001196	YJR002W	6183.Smp_023660.1
OG0001197	YPL042C	6183.Smp_156990.1
OG0001199	YPL172C	6183.Smp_057930.1
OG0001201	YOR001W	6183.Smp_131150.1
OG0001202	YLR027C	6183.Smp_049150.1
OG0001203	YIL153W	6183.Smp_166290.1
OG0001204	YPR051W	6183.Smp_063580.2
OG0001205	YKR068C	6183.Smp_149360.1
OG0001208	YIR002C	6183.Smp_083710.1
OG0001209	YBL068W	6183.Smp_022090.1
OG0001210	YLR378C	6183.Smp_053820.1
OG0001212	YJR014W	6183.Smp_077070.1
OG0001213	YFL024C	6183.Smp_014400.3
OG0001214	YOR209C	6183.Smp_035460.1
OG0001215	YHR165C	6183.Smp_140890.1
OG0001219	YPR019W	6183.Smp_172530.1
OG0001220	YNL003C	6183.Smp_044160.1
OG0001221	YJR045C	6183.Smp_106130.2
OG0001222	YNL048W	6183.Smp_052330.1
OG0001223	YDR204W	6183.Smp_001430.1
OG0001224	YHR002W	6183.Smp_142930.1
OG0001228	YHR079C	6183.Smp_169980.1
OG0001229	YHR169W	6183.Smp_123410.2
OG0001230	YNL072W	6183.Smp_041890.2
OG0001231	YAL026C	6183.Smp_104500.1
OG0001233	YGR163W	6183.Smp_026090.1
OG0001236	YOR154W	6183.Smp_092950.1
OG0001237	YLL008W	6183.Smp_146340.1
OG0001239	YBR065C	6183.Smp_025130.1
OG0001240	YOR048C	6183.Smp_133300.1
OG0001243	YJL030W	6183.Smp_056350.1
OG0001244	YJL194W	6183.Smp_145740.1
OG0001246	YGL022W	6183.Smp_158600.1
OG0001249	YML049C	6183.Smp_137430.1
OG0001250	YGR271W	6183.Smp_156920.1
OG0001251	YLR285W	6183.Smp_133160.1
OG0001253	YHR065C	6183.Smp_157660.1
OG0001254	YHR088W	6183.Smp_145800.1
OG0001255	YGR031W	6183.Smp_193750.1
OG0001256	YBR041W	6183.Smp_143830.1
OG0001257	YLR276C	6183.Smp_095920.1
OG0001258	YDR416W	6183.Smp_166240.1
OG0001259	YBR252W	6183.Smp_079240.1
OG0001261	YBL082C	6183.Smp_150200.1
OG0001262	YML060W	6183.Smp_074010.1
OG0001263	YDR365C	6183.Smp_002230.1
OG0001264	YMR080C	6183.Smp_061590.1
OG0001267	YCL039W	6183.Smp_163780.1
OG0001270	YER116C	6183.Smp_026260.1
OG0001271	YPL097W	6183.Smp_176290.1
OG0001272	YDR294C	6183.Smp_154950.1
OG0001273	YMR167W	6183.Smp_009550.1
OG0001275	YER043C	6183.Smp_028440.1
OG0001277	YIL110W	6183.Smp_171890.1
OG0001278	YOR119C	6183.Smp_022140.1
OG0001279	YKL041W	6183.Smp_032150.1
OG0001282	YAL042W	6183.Smp_040360.1
OG0001283	YBR155W	6183.Smp_155480.1
OG0001285	YER141W	6183.Smp_199730.1
OG0001287	YIL128W	6183.Smp_171230.1
OG0001288	YNL041C	6183.Smp_141220.1
OG0001289	YAR003W	6183.Smp_142780.1
OG0001290	YOR308C	6183.Smp_176840.1
OG0001291	YDR246W	6183.Smp_028940.1
OG0001293	YCL004W	6183.Smp_090820.1
OG0001294	YPR033C	6183.Smp_023360.1
OG0001296	YKL024C	6183.Smp_071390.1
OG0001297	YLR427W	6183.Smp_038700.5
OG0001298	YGL240W	6183.Smp_210460.1
OG0001302	YLR200W	6183.Smp_027880.1
OG0001305	YNR015W	6183.Smp_149450.1
OG0001306	YPR180W	6183.Smp_048760.1
OG0001309	YER170W	6183.Smp_153160.1
OG0001312	YNL025C	6183.Smp_088250.1
OG0001314	YDR050C	6183.Smp_003990.1
OG0001315	YNL313C	6183.Smp_152860.1
OG0001316	YLR078C	6183.Smp_127340.1
OG0001317	YLR153C	6183.Smp_168520.1
OG0001318	YDL098C	6183.Smp_095680.1
OG0001319	YML021C	6183.Smp_158920.1
OG0001321	YKL104C	6183.Smp_136260.2
OG0001322	YBL063W	6183.Smp_149260.1
OG0001323	YDR159W	6183.Smp_180900.1
OG0001326	YOR330C	6183.Smp_161380.1
OG0001327	YGL169W	6183.Smp_127100.1
OG0001328	YGR187C	6183.Smp_073200.1
OG0001329	YLR262C	6183.Smp_163580.1
OG0001330	YER070W	6183.Smp_009030.1
OG0001331	YPL225W	6183.Smp_029230.1
OG0001332	YGL167C	6183.Smp_126300.1
OG0001333	YBR246W	6183.Smp_124490.1
OG0001334	YPL266W	6183.Smp_077020.1
OG0001335	YBR002C	6183.Smp_048520.1
OG0001336	YLR234W	6183.Smp_158140.1
OG0001337	YMR110C	6183.Smp_172730.1
OG0001338	YGR217W	6183.Smp_197640.1
OG0001339	YKL191W	6183.Smp_174680.1
OG0001340	YHR024C	6183.Smp_094050.2
OG0001342	YOR142W	6183.Smp_052060.1
OG0001344	YDL004W	6183.Smp_082120.1
OG0001345	YBL088C	6183.Smp_157820.1
OG0001347	YDL171C	6183.Smp_128380.1
OG0001348	YDR083W	6183.Smp_079750.1
OG0001349	YMR097C	6183.Smp_114160.1
OG0001350	YPR108W	6183.Smp_052870.1
OG0001351	YOR002W	6183.Smp_096910.1
OG0001353	YOR194C	6183.Smp_080280.1
OG0001354	YGL068W	6183.Smp_066740.1
OG0001356	YAR007C	6183.Smp_121800.1
OG0001357	YNL317W	6183.Smp_049510.1
OG0001358	YFR009W	6183.Smp_049500.1
OG0001359	YBL091C	6183.Smp_011120.1
OG0001360	YHR026W	6183.Smp_064350.1
OG0001361	YOR298C-A	6183.Smp_140680.1
OG0001362	YLR323C	6183.Smp_033590.1
OG0001363	YOR014W	6183.Smp_035430.2
OG0001364	YEL021W	6183.Smp_050540.1
OG0001365	YFL045C	6183.Smp_087860.1
OG0001366	YEL026W	6183.Smp_104660.1
OG0001368	YDR410C	6183.Smp_080130.1
OG0001369	YKR079C	6183.Smp_031040.2
OG0001371	YPR088C	6183.Smp_059540.1
OG0001373	YDR064W	6183.Smp_096750.1
OG0001374	YGL065C	6183.Smp_177080.1
OG0001375	YDL135C	6183.Smp_045610.1
OG0001376	YGL100W	6183.Smp_060180.1
OG0001377	YBR025C	6183.Smp_015720.1
OG0001380	YOR336W	6183.Smp_133700.1
OG0001381	YOL094C	6183.Smp_140530.1
OG0001382	YHR113W	6183.Smp_210610.1
OG0001384	YGL174W	6183.Smp_077590.1
OG0001385	YDL033C	6183.Smp_178920.1
OG0001388	YDL031W	6183.Smp_020200.1
OG0001389	YCR002C	6183.Smp_029890.1
OG0001390	YMR201C	6183.Smp_010260.1
OG0001391	YLR325C	6183.Smp_058720.1
OG0001392	YKL035W	6183.Smp_133600.1
OG0001393	YER012W	6183.Smp_074500.2
OG0001394	YOR196C	6183.Smp_010100.1
OG0001395	YGR211W	6183.Smp_134010.1
OG0001397	YCR066W	6183.Smp_141160.1
OG0001398	YDL052C	6183.Smp_000070.1
OG0001399	YLR074C	6183.Smp_070130.1
OG0001400	YFR018C	6183.Smp_166280.1
OG0001401	YGR270W	6183.Smp_179290.1
OG0001402	YEL052W	6183.Smp_015780.1
OG0001403	YKL207W	6183.Smp_028980.1
OG0001405	Q0250	6183.Smp_900010.1
OG0001406	YOR369C	6183.Smp_060090.1
OG0001407	YHR148W	6183.Smp_102820.1
OG0001408	YPR113W	6183.Smp_132640.1
OG0001409	YDL007W	6183.Smp_173840.1
OG0001410	YDR236C	6183.Smp_013150.1
OG0001411	YDR155C	6183.Smp_040130.1
OG0001412	YGL070C	6183.Smp_067090.1
OG0001413	YPL160W	6183.Smp_194160.1
OG0001414	YML069W	6183.Smp_148930.1
OG0001416	YGL120C	6183.Smp_087270.1
OG0001418	YLL001W	6183.Smp_067280.1
OG0001419	YLR409C	6183.Smp_186640.1
OG0001422	YPL107W	6183.Smp_066970.1
OG0001423	YBR261C	6183.Smp_124220.1
OG0001424	YPL169C	6183.Smp_162430.1
OG0001425	YDL145C	6183.Smp_142910.1
OG0001431	YDL104C	6183.Smp_198940.1
OG0001432	YBR034C	6183.Smp_029240.2
OG0001434	YKL117W	6183.Smp_072900.1
OG0001435	YKL007W	6183.Smp_118830.1
OG0001436	YNL024C-A	6183.Smp_028410.1
OG0001437	YDL149W	6183.Smp_149960.1
OG0001438	YGR252W	6183.Smp_070190.1
OG0001439	YDR045C	6183.Smp_034100.1
OG0001441	YGR284C	6183.Smp_174450.1
OG0001443	YCR032W	6183.Smp_135870.1
OG0001444	YKL022C	6183.Smp_070690.1
OG0001445	YJL172W	6183.Smp_019630.1
OG0001446	YOR332W	6183.Smp_085520.1
OG0001447	YMR077C	6183.Smp_053040.1
OG0001449	YKL148C	6183.Smp_061230.1
OG0001450	YCL059C	6183.Smp_115060.1
OG0001451	YLR186W	6183.Smp_002010.1
OG0001453	YMR089C	6183.Smp_165550.1
OG0001454	YHR170W	6183.Smp_076630.2
OG0001455	YLR143W	6183.Smp_163100.1
OG0001456	YNL071W	6183.Smp_212190.1
OG0001458	YGR255C	6183.Smp_153460.1
OG0001459	YOR243C	6183.Smp_129630.1
OG0001460	YOR126C	6183.Smp_162380.1
OG0001461	YOR070C	6183.Smp_022130.1
OG0001462	YLR176C	6183.Smp_170910.1
OG0001464	YDR091C	6183.Smp_124460.1
OG0001465	YJL104W	6183.Smp_168770.1
OG0001466	YER178W	6183.Smp_079920.1
OG0001467	YJL050W	6183.Smp_120360.1
OG0001468	YPL196W	6183.Smp_149630.1
OG0001470	YJL002C	6183.Smp_105680.1
OG0001471	YDL165W	6183.Smp_024970.1
OG0001472	YGR200C	6183.Smp_050730.1
OG0001473	YDL140C	6183.Smp_156670.1
OG0001474	YJR084W	6183.Smp_148440.1
OG0001475	YDR120C	6183.Smp_165900.1
OG0001482	YLR197W	6183.Smp_048660.1
OG0001483	YHR074W	6183.Smp_162660.1
OG0001484	YFL003C	6183.Smp_172620.1
OG0001485	YHR164C	6183.Smp_197880.1
OG0001486	YPR112C	6183.Smp_141240.1
OG0001487	YJR093C	6183.Smp_070070.1
OG0001490	YMR132C	6183.Smp_028330.1
OG0001491	YBL039C	6183.Smp_134650.1
OG0001492	YGR276C	6183.Smp_160090.1
OG0001493	YBR217W	6183.Smp_093670.1
OG0001496	YLL031C	6183.Smp_021980.1
OG0001498	YER003C	6183.Smp_089590.1
OG0001500	YPL131W	6183.Smp_200920.1
OG0001501	YDR382W	6183.Smp_029820.1
OG0001502	YLR405W	6183.Smp_026700.1
OG0001503	YJL029C	6183.Smp_168050.1
OG0001505	YGL003C	6183.Smp_132020.1
OG0001506	YAL046C	6183.Smp_012050.1
OG0001507	YCL001W	6183.Smp_019490.1
OG0001509	YDL058W	6183.Smp_168660.1
OG0001510	YHL004W	6183.Smp_102840.1
OG0001512	YNR046W	6183.Smp_029100.2
OG0001513	YFR032C-A	6183.Smp_066940.1
OG0001514	YKR056W	6183.Smp_123520.1
OG0001516	YGL105W	6183.Smp_073620.1
OG0001517	YPL010W	6183.Smp_020220.2
OG0001518	YNL075W	6183.Smp_061950.1
OG0001519	YOL071W	6183.Smp_029740.1
OG0001520	YER029C	6183.Smp_026770.1
OG0001521	YLR085C	6183.Smp_135570.1
OG0001522	YGR278W	6183.Smp_171070.1
OG0001523	YML038C	6183.Smp_066150.1
OG0001524	YLR433C	6183.Smp_126260.1
OG0001525	YGR110W	6183.Smp_145880.1
OG0001526	YPR173C	6183.Smp_025510.1
OG0001527	YFL044C	6183.Smp_181000.1
OG0001528	YPR024W	6183.Smp_055760.1
OG0001530	YGR262C	6183.Smp_139630.1
OG0001531	YGL200C	6183.Smp_046250.1
OG0001532	YLR370C	6183.Smp_032310.1
OG0001533	YMR036C	6183.Smp_152200.1
OG0001534	YML012W	6183.Smp_079310.1
OG0001535	YNR006W	6183.Smp_093740.3
OG0001536	YBR146W	6183.Smp_164790.1
OG0001538	YGL058W	6183.Smp_118220.1
OG0001539	YOL127W	6183.Smp_003410.1
OG0001540	YEL011W	6183.Smp_094880.1
OG0001541	YBR135W	6183.Smp_158910.1
OG0001542	YHR166C	6183.Smp_037400.1
OG0001543	YDR363W-A	6183.Smp_071000.1
OG0001544	YDR331W	6183.Smp_011230.1
OG0001545	YGR101W	6183.Smp_032420.1
OG0001548	YLR114C	6183.Smp_152140.1
OG0001550	YER061C	6183.Smp_009150.1
OG0001551	YMR236W	6183.Smp_166980.1
OG0001552	YPL063W	6183.Smp_024360.1
OG0001553	YER082C	6183.Smp_120350.1
OG0001554	YKL189W	6183.Smp_007170.1
OG0001555	YJR007W	6183.Smp_093750.2
OG0001558	YGR103W	6183.Smp_055800.1
OG0001559	YIL022W	6183.Smp_158380.1
OG0001560	YKL113C	6183.Smp_186980.1
OG0001561	YER107C	6183.Smp_060170.1
OG0001562	YPL149W	6183.Smp_164770.1
OG0001563	YIL030C	6183.Smp_164830.1
OG0001564	YJR065C	6183.Smp_210740.1
OG0001565	YNL201C	6183.Smp_072350.1
OG0001567	YDR019C	6183.Smp_128980.1
OG0001568	YHR011W	6183.Smp_057230.1
OG0001569	YKL213C	6183.Smp_017750.1
OG0001570	YDR477W	6183.Smp_142990.1
OG0001571	YNL123W	6183.Smp_211260.1
OG0001572	YER125W	6183.Smp_207020.1
OG0001574	YLR377C	6183.Smp_097370.1
OG0001575	YOL114C	6183.Smp_086710.1
OG0001576	YKL154W	6183.Smp_017290.3
OG0001577	YKR063C	6183.Smp_153730.1
OG0001579	YLR336C	6183.Smp_162960.1
OG0001580	YPL098C	6183.Smp_010400.1
OG0001581	YMR216C	6183.Smp_041770.1
OG0001582	YDL216C	6183.Smp_131660.1
OG0001583	YLR347C	6183.Smp_038080.1
OG0001584	YBL004W	6183.Smp_120740.1
OG0001585	YGR094W	6183.Smp_097590.1
OG0001586	YDL100C	6183.Smp_210810.1
OG0001587	YBL013W	6183.Smp_167310.1
OG0001588	YNR016C	6183.Smp_123710.1
OG0001590	YBR231C	6183.Smp_036390.1
OG0001591	YKL134C	6183.Smp_075220.1
OG0001592	YML092C	6183.Smp_067890.1
OG0001593	YFR002W	6183.Smp_103100.1
OG0001594	YNR032C-A	6183.Smp_210190.1
OG0001596	YGR218W	6183.Smp_124820.1
OG0001598	YHR207C	6183.Smp_121610.2
OG0001599	YPR178W	6183.Smp_169060.1
OG0001601	YHL015W	6183.Smp_066990.1
OG0001602	YLR163C	6183.Smp_009650.1
OG0001603	YIL143C	6183.Smp_165580.1
OG0001604	YDR208W	6183.Smp_124970.1
OG0001606	YDR386W	6183.Smp_151510.1
OG0001607	YIR008C	6183.Smp_160190.1
OG0001608	YBR058C	6183.Smp_069960.1
OG0001609	YAL039C	6183.Smp_022320.2
OG0001610	YJR006W	6183.Smp_076660.1
OG0001611	YNR043W	6183.Smp_172660.1
OG0001612	YLR129W	6183.Smp_136010.1
OG0001613	YIL129C	6183.Smp_141860.1
OG0001614	YGL095C	6183.Smp_104520.1
OG0001615	YJR072C	6183.Smp_072790.1
OG0001616	YGL137W	6183.Smp_015090.1
OG0001617	YNL021W	6183.Smp_138770.1
OG0001618	YOR100C	6183.Smp_064150.1
OG0001619	YKL099C	6183.Smp_026190.1
OG0001620	YPL022W	6183.Smp_153770.1
OG0001621	YOL012C	6183.Smp_210630.1
OG0001623	YBL084C	6183.Smp_134020.1
OG0001624	YMR213W	6183.Smp_129320.1
OG0001625	YOR250C	6183.Smp_019130.1
OG0001626	YDR148C	6183.Smp_104330.1
OG0001627	YER007W	6183.Smp_150450.1
OG0001628	YDL201W	6183.Smp_130610.1
OG0001629	YPL001W	6183.Smp_178700.1
OG0001630	YGR223C	6183.Smp_154110.1
OG0001631	YEL002C	6183.Smp_035470.1
OG0001632	YKL179C	6183.Smp_049990.1
OG0001633	YMR208W	6183.Smp_042980.1
OG0001635	YLR259C	6183.Smp_008545.1
OG0001638	YGR285C	6183.Smp_105960.1
OG0001639	YML098W	6183.Smp_210960.1
OG0001640	YFR005C	6183.Smp_017890.1
OG0001641	YNL163C	6183.Smp_000110.1
OG0001643	YDR473C	6183.Smp_060900.1
OG0001644	YGL080W	6183.Smp_022430.1
OG0001645	YGL207W	6183.Smp_212220.1
OG0001646	YGR261C	6183.Smp_210090.1
OG0001648	YDR268W	6183.Smp_150680.1
OG0001649	YPL211W	6183.Smp_021760.1
OG0001650	YBR003W	6183.Smp_059800.1
OG0001653	YOR007C	6183.Smp_065980.1
OG0001654	YER007C-A	6183.Smp_210280.1
OG0001657	YDR086C	6183.Smp_036940.1
OG0001658	YKL088W	6183.Smp_027210.1
OG0001659	YDR023W	6183.Smp_053610.1
OG0001660	YNL118C	6183.Smp_006190.1
OG0001661	YLR060W	6183.Smp_094060.1
OG0001662	YDR394W	6183.Smp_072340.1
OG0001663	YOR361C	6183.Smp_058460.1
OG0001664	YPR168W	6183.Smp_025340.1
OG0001665	YHR070W	6183.Smp_045760.1
OG0001666	YPL040C	6183.Smp_129650.1
OG0001669	YMR227C	6183.Smp_169300.1
OG0001670	YFL022C	6183.Smp_101240.1
OG0001671	YDR183W	6183.Smp_028930.1
OG0001673	YNL290W	6183.Smp_066260.1
OG0001675	YNL250W	6183.Smp_127050.1
OG0001676	YNL227C	6183.Smp_172510.1
OG0001681	YPL002C	6183.Smp_198850.1
OG0001683	YNL092W	6183.Smp_160530.1
OG0001684	YMR274C	6183.Smp_017650.2
OG0001685	YLL029W	6183.Smp_198210.1
OG0001686	YJR121W	6183.Smp_038100.1
OG0001687	YOR283W	6183.Smp_180040.1
OG0001688	YER164W	6183.Smp_041760.1
OG0001689	YCL045C	6183.Smp_003340.1
OG0001690	YPL236C	6183.Smp_126460.1
OG0001691	YPL151C	6183.Smp_104870.1
OG0001692	YMR277W	6183.Smp_131560.1
OG0001693	YJR064W	6183.Smp_063420.1
OG0001694	YOL097C	6183.Smp_082860.1
OG0001695	YJL074C	6183.Smp_145260.1
OG0001696	YOR164C	6183.Smp_050130.1
OG0001697	YEL042W	6183.Smp_081450.1
OG0001698	YPL015C	6183.Smp_084140.1
OG0001699	YJL111W	6183.Smp_149900.1
OG0001700	YKR086W	6183.Smp_156060.1
OG0001702	YIL048W	6183.Smp_091650.1
OG0001703	YPR035W	6183.Smp_091460.1
OG0001704	YNL200C	6183.Smp_142640.1
OG0001705	YGR277C	6183.Smp_149950.1
OG0001706	YPR184W	6183.Smp_007640.1
OG0001707	YPL135W	6183.Smp_077090.1
OG0001708	YPL215W	6183.Smp_063250.1
OG0001709	YCR088W	6183.Smp_070090.1
OG0001710	YML095C	6183.Smp_022470.1
OG0001711	YDR298C	6183.Smp_039000.1
OG0001712	YGR232W	6183.Smp_198360.1
OG0001713	YKL013C	6183.Smp_160770.1
OG0001715	YGL142C	6183.Smp_053460.1
OG0001716	YGL143C	6183.Smp_211090.1
OG0001717	YIL103W	6183.Smp_030930.2
OG0001718	YJR099W	6183.Smp_168800.2
OG0001719	YGR257C	6183.Smp_137000.1
OG0001722	YJL208C	6183.Smp_105080.1
OG0001724	YBR110W	6183.Smp_005010.1
OG0001725	YJL197W	6183.Smp_128770.1
OG0001727	YDR375C	6183.Smp_083120.1
OG0001728	YJR074W	6183.Smp_048930.1
OG0001730	YER014W	6183.Smp_068250.1
OG0001731	YOR323C	6183.Smp_145020.1
OG0001733	YIL155C	6183.Smp_121990.1
OG0001734	YDL051W	6183.Smp_164650.1
OG0001735	YER143W	6183.Smp_063670.1
OG0001737	YMR205C	6183.Smp_043670.2
OG0001738	YMR235C	6183.Smp_166310.1
OG0001739	YDR084C	6183.Smp_056850.1
OG0001740	YHR051W	6183.Smp_148800.1
OG0001741	YPR094W	6183.Smp_011720.1
OG0001742	YLR293C	6183.Smp_079430.2
OG0001745	YNL006W	6183.Smp_073560.2
OG0001748	YNR030W	6183.Smp_161590.1
OG0001749	YDR221W	6183.Smp_131400.1
OG0001750	YMR259C	6183.Smp_138200.1
OG0001751	YMR281W	6183.Smp_035080.1
OG0001752	YKL210W	6183.Smp_162630.1
OG0001753	YDL217C	6183.Smp_038630.1
OG0001754	YHR168W	6183.Smp_191360.1
OG0001756	YOL010W	6183.Smp_102450.1
OG0001757	YKR002W	6183.Smp_178850.1
OG0001758	YPR082C	6183.Smp_106050.1
OG0001759	YGR037C	6183.Smp_149150.1
OG0001761	YPR133C	6183.Smp_008500.2
OG0001762	YDL164C	6183.Smp_019840.2
OG0001763	YNR038W	6183.Smp_210260.1
OG0001764	YBL076C	6183.Smp_041600.1
OG0001765	YER053C	6183.Smp_083720.1
OG0001766	YGR245C	6183.Smp_098980.1
OG0001767	YML010W	6183.Smp_151070.1
OG0001768	YOL125W	6183.Smp_196960.1
OG0001769	YOL004W	6183.Smp_171160.1
OG0001772	YDL143W	6183.Smp_004600.1
OG0001773	YOR006C	6183.Smp_042650.1
OG0001775	YNL265C	6183.Smp_057650.1
OG0001776	YOL033W	6183.Smp_009520.1
OG0001777	YGL244W	6183.Smp_161170.1
OG0001778	YOR145C	6183.Smp_073080.2
OG0001779	YDL166C	6183.Smp_050570.1
OG0001780	YLR066W	6183.Smp_175420.1
OG0001782	YNL022C	6183.Smp_211200.1
OG0001783	YJR117W	6183.Smp_082620.1
OG0001784	YHR027C	6183.Smp_000030.1
OG0001785	YGR116W	6183.Smp_180420.1
OG0001786	YDR037W	6183.Smp_104470.1
OG0001787	YLR175W	6183.Smp_068920.3
OG0001789	YGR202C	6183.Smp_124730.1
OG0001790	YGL127C	6183.Smp_024060.1
OG0001791	YDR172W	6183.Smp_005180.1
OG0001792	YGL150C	6183.Smp_163620.1
OG0001795	YER100W	6183.Smp_059750.2
OG0001796	YOR168W	6183.Smp_148050.1
OG0001797	YPL065W	6183.Smp_067540.1
OG0001798	YPL074W	6183.Smp_002810.1
OG0001799	YDR080W	6183.Smp_073110.1
OG0001800	YBR011C	6183.Smp_210890.1
OG0001801	YLR438C-A	6183.Smp_078640.1
OG0001803	YDR047W	6183.Smp_143740.1
OG0001804	YKR026C	6183.Smp_084900.1
OG0001808	YPL167C	6183.Smp_125680.1
OG0001809	YBL041W	6183.Smp_025800.1
OG0001810	YKL196C	6183.Smp_047450.1
OG0001812	YNL238W	6183.Smp_077980.1
OG0001813	YJL072C	6183.Smp_100380.1
OG0001814	YOR241W	6183.Smp_162030.1
OG0001815	YLR438W	6183.Smp_000660.1
OG0001816	YOR358W	6183.Smp_176340.1
OG0001817	YDR044W	6183.Smp_162280.1
OG0001818	YNL267W	6183.Smp_130340.1
OG0001819	YHR188C	6183.Smp_020210.1
OG0001820	YGR007W	6183.Smp_158130.1
OG0001822	YLR195C	6183.Smp_121420.1
OG0001823	YHR099W	6183.Smp_196120.1
OG0001824	YPL178W	6183.Smp_166430.1
OG0001825	YER051W	6183.Smp_196270.1
OG0001826	YER171W	6183.Smp_199100.1
OG0001827	YPL013C	6183.Smp_066480.1
OG0001829	YLR418C	6183.Smp_144090.2
OG0001830	YOL145C	6183.Smp_072370.1
OG0001831	YDL208W	6183.Smp_098330.1
OG0001832	YER078C	6183.Smp_210480.1
OG0001833	YKR071C	6183.Smp_207000.1
OG0001835	YML080W	6183.Smp_096200.1
OG0001836	YGR083C	6183.Smp_166550.1
OG0001838	YDR135C	6183.Smp_171740.1
OG0001840	YIR026C	6183.Smp_081510.1
OG0001841	YGL047W	6183.Smp_082710.1
OG0001843	YGR244C	6183.Smp_060820.1
OG0001844	YEL003W	6183.Smp_030290.1
OG0001845	YLR106C	6183.Smp_143650.1
OG0001846	YLR274W	6183.Smp_143490.1
OG0001847	YMR114C	6183.Smp_163330.1
OG0001849	YBR082C	6183.Smp_068000.1
OG0001850	YLR340W	6183.Smp_009690.1
OG0001851	YGL180W	6183.Smp_145190.1
OG0001852	YCR072C	6183.Smp_000600.1
OG0001853	YBR061C	6183.Smp_137590.1
OG0001854	YAL005C	6183.Smp_106930.1
OG0001855	YER133W	6183.Smp_028990.1
OG0001856	YBR175W	6183.Smp_049890.1
OG0001857	YBR029C	6183.Smp_144030.1
OG0001858	YCL033C	6183.Smp_167890.1
OG0001859	YOR339C	6183.Smp_051010.1
OG0001860	YBL057C	6183.Smp_030330.2
OG0001862	YBR192W	6183.Smp_061250.1
OG0001863	YIL075C	6183.Smp_175250.1
OG0001864	YJL167W	6183.Smp_070710.1
OG0001866	YOR067C	6183.Smp_151520.1
OG0001867	YBR254C	6183.Smp_168330.1
OG0001868	YOL135C	6183.Smp_018610.1
OG0001869	YDR027C	6183.Smp_159750.1
OG0001871	YDR404C	6183.Smp_128840.1
OG0001873	YMR309C	6183.Smp_000480.1
OG0001874	YLR105C	6183.Smp_033140.1
OG0001875	YNR054C	6183.Smp_093850.1
OG0001876	YOR262W	6183.Smp_165330.1
OG0001877	YER157W	6183.Smp_130460.1
OG0001878	YDL087C	6183.Smp_015850.3
OG0001879	YGR246C	6183.Smp_071570.1
OG0001880	YDR177W	6183.Smp_082050.1
OG0001881	YPR125W	6183.Smp_065110.1
OG0001882	YPR131C	6183.Smp_048260.2
OG0001883	YJL168C	6183.Smp_210650.1
OG0001884	YDL014W	6183.Smp_044280.1
OG0001885	YDR289C	6183.Smp_092170.1
OG0001886	YLR239C	6183.Smp_176550.1
OG0001887	YJR036C	6183.Smp_168160.1
OG0001888	YBR228W	6183.Smp_106040.1
OG0001890	YGL183C	6183.Smp_058990.1
OG0001891	YMR028W	6183.Smp_154230.2
OG0001892	YBR263W	6183.Smp_179710.1
OG0001893	YKL067W	6183.Smp_092750.1
OG0001894	Q0130	6183.Smp_000880.2
OG0001895	YNL110C	6183.Smp_078520.1
OG0001896	YNL232W	6183.Smp_007540.1
OG0001897	YOR161C	6183.Smp_160740.1
OG0001898	YDL090C	6183.Smp_065780.1
OG0001899	YPL262W	6183.Smp_158240.1
OG0001900	YCR042C	6183.Smp_128960.1
OG0001901	YKR031C	6183.Smp_151420.1
OG0001902	YLR262C-A	6183.Smp_169920.1
OG0001903	YNL262W	6183.Smp_210940.1
OG0001904	YOR210W	6183.Smp_008440.1
OG0001905	YGL099W	6183.Smp_147850.1
OG0001906	YMR178W	6183.Smp_008370.1
OG0001907	YAL035W	6183.Smp_006990.1
OG0001910	YKL151C	6183.Smp_000470.1
OG0001911	YML015C	6183.Smp_134790.1
OG0001912	YMR197C	6183.Smp_068480.1
OG0001913	YML014W	6183.Smp_124160.2
OG0001914	YPR036W	6183.Smp_015070.1
OG0001916	YOR217W	6183.Smp_004020.1
OG0001917	YDR510W	6183.Smp_045510.1
OG0001918	YPL237W	6183.Smp_103460.1
OG0001919	YDL055C	6183.Smp_000510.1
OG0001920	YJL001W	6183.Smp_034490.1
OG0001921	YHL010C	6183.Smp_199130.1
OG0001923	YOL006C	6183.Smp_033050.1
OG0001924	YOR259C	6183.Smp_017070.1
OG0001925	YDL103C	6183.Smp_043350.1
OG0001927	YJL024C	6183.Smp_034400.1
OG0001929	YLR207W	6183.Smp_133270.1
OG0001931	YGR020C	6183.Smp_023160.1
OG0001932	YGR100W	6183.Smp_150050.1
OG0001933	YAL032C	6183.Smp_105860.1
OG0001934	YCL055W	6183.Smp_172190.1
OG0001935	YPL122C	6183.Smp_082790.1
OG0001936	YER154W	6183.Smp_161940.1
OG0001937	YGR231C	6183.Smp_075210.2
OG0001938	YAL015C	6183.Smp_006710.1
OG0001940	YFL039C	6183.Smp_183710.1
OG0001941	YOR091W	6183.Smp_099900.1
OG0001942	YJR050W	6183.Smp_126720.1
OG0001943	YNL240C	6183.Smp_083020.1
OG0001944	YOR079C	6183.Smp_162920.1
OG0001945	YDL236W	6183.Smp_030220.1
OG0001946	YIL008W	6183.Smp_030180.1
OG0001947	YDL190C	6183.Smp_030780.1
OG0001948	YPR186C	6183.Smp_147010.1
OG0001949	YDL047W	6183.Smp_023150.1
OG0001950	YDR092W	6183.Smp_083400.1
OG0001951	YPL138C	6183.Smp_022020.1
OG0001953	YGR145W	6183.Smp_180370.1
OG0001954	YNR029C	6183.Smp_036570.1
OG0001955	YDR374C	6183.Smp_040460.1
OG0001957	YKL082C	6183.Smp_028060.1
OG0001958	YDR270W	6183.Smp_144970.1
OG0001959	YMR001C	6183.Smp_009600.1
OG0001960	YDR152W	6183.Smp_022150.1
OG0001961	YJR142W	6183.Smp_159190.1
OG0001962	YLR410W	6183.Smp_045860.1
OG0001963	YJL034W	6183.Smp_049550.1
OG0001964	YNL107W	6183.Smp_070760.1
OG0001965	YGL011C	6183.Smp_207080.1
OG0001966	YGR036C	6183.Smp_048270.2
OG0001967	YOR095C	6183.Smp_148770.1
OG0001968	YGL122C	6183.Smp_044810.1
OG0001969	YHR076W	6183.Smp_046890.1
OG0001970	YOR224C	6183.Smp_006850.1
OG0001971	YMR217W	6183.Smp_063830.1
OG0001972	YDL003W	6183.Smp_148150.1
OG0001974	YPL043W	6183.Smp_133470.1
OG0001975	YGR046W	6183.Smp_148560.1
OG0001977	YML042W	6183.Smp_146910.1
OG0001978	YBR004C	6183.Smp_177040.1
OG0001980	YNL088W	6183.Smp_065840.1
OG0001981	YER009W	6183.Smp_037700.1
OG0001982	YAL036C	6183.Smp_173180.2
OG0001985	YLL011W	6183.Smp_134060.1
OG0001987	YLR384C	6183.Smp_144930.1
OG0001988	YJR033C	6183.Smp_127680.1
OG0001989	YCR087C-A	6183.Smp_150840.2
OG0001990	YBR103W	6183.Smp_098760.1
OG0001992	YBL024W	6183.Smp_175950.1
OG0001993	YOR149C	6183.Smp_210350.1
OG0001994	YJL180C	6183.Smp_162270.1
OG0001996	YGR063C	6183.Smp_012530.1
OG0001997	YDL168W	6183.Smp_044440.1
OG0001998	YKL160W	6183.Smp_118750.1
OG0001999	YHR068W	6183.Smp_065120.1
OG0002000	YLR291C	6183.Smp_014620.1
OG0002001	YKL144C	6183.Smp_174370.1
OG0002002	YHR037W	6183.Smp_065060.1
OG0002003	YHR012W	6183.Smp_050350.2
OG0002004	YGR192C	6183.Smp_056970.1
OG0002005	YLR240W	6183.Smp_128130.1
OG0002006	YOR125C	6183.Smp_180060.1
OG0002008	YNL064C	6183.Smp_035200.4
OG0002009	YHR077C	6183.Smp_156450.2
OG0002011	YPL252C	6183.Smp_124940.1
OG0002012	YPR047W	6183.Smp_149430.1
OG0002013	YOR056C	6183.Smp_064510.1
OG0002014	YKL019W	6183.Smp_091770.1
OG0002015	YBR006W	6183.Smp_161350.1
OG0002016	YML046W	6183.Smp_170570.1
OG0002017	YAL002W	6183.Smp_171880.1
OG0002018	YDR468C	6183.Smp_104960.1
OG0002020	YLR447C	6183.Smp_079950.1
OG0002021	YDL084W	6183.Smp_003660.1
OG0002022	YOR236W	6183.Smp_175230.1
OG0002023	YBR196C	6183.Smp_022400.1
OG0002024	YJR035W	6183.Smp_135910.1
OG0002025	YGL163C	6183.Smp_194820.1
OG0002026	YPL157W	6183.Smp_154780.1
OG0002027	YAL021C	6183.Smp_172270.1
OG0002028	YFL036W	6183.Smp_148720.1
OG0002029	YNL147W	6183.Smp_210830.1
OG0002030	YOR176W	6183.Smp_140790.1
OG0002031	YMR229C	6183.Smp_105930.1
OG0002032	YPR165W	6183.Smp_072140.1
OG0002033	YJL014W	6183.Smp_041740.1
OG0002034	YOR310C	6183.Smp_148990.1
OG0002035	YGL092W	6183.Smp_027890.1
OG0002036	YNL286W	6183.Smp_152440.1
OG0002037	YPR066W	6183.Smp_211070.1
OG0002038	YMR301C	6183.Smp_087930.1
OG0002039	YPL247C	6183.Smp_018710.1
OG0002040	YOR063W	6183.Smp_047200.1
OG0002041	YLR275W	6183.Smp_075560.1
OG0002043	YDL040C	6183.Smp_062520.1
OG0002044	YDR145W	6183.Smp_211170.1
OG0002046	YHR009C	6183.Smp_123440.1
OG0002047	YML094W	6183.Smp_073540.1
OG0002048	YGL112C	6183.Smp_061300.1
OG0002049	YDR190C	6183.Smp_064050.2
OG0002050	YBR236C	6183.Smp_038940.1
OG0002051	YDL064W	6183.Smp_103710.1
OG0002052	YNL168C	6183.Smp_175750.1
OG0002053	YIL062C	6183.Smp_073720.1
OG0002054	YLR459W	6183.Smp_133390.1
OG0002055	YLR316C	6183.Smp_146030.1
OG0002056	YPR023C	6183.Smp_140950.1
OG0002058	YML093W	6183.Smp_012340.1
OG0002059	YPL093W	6183.Smp_133350.1
OG0002060	YLR229C	6183.Smp_082810.2
OG0002061	YER016W	6183.Smp_054540.1
OG0002062	YPL222W	6183.Smp_196150.1
OG0002063	YGL062W	6183.Smp_141360.1
OG0002064	YNL259C	6183.Smp_150460.1
OG0002065	YBR079C	6183.Smp_001170.1
OG0002066	YDR376W	6183.Smp_166580.1
OG0002067	YJR126C	6183.Smp_135510.1
OG0002068	YBR017C	6183.Smp_142770.1
OG0002069	YBL023C	6183.Smp_054840.1
OG0002072	YJL100W	6183.Smp_018460.1
OG0002073	YOR232W	6183.Smp_062790.1
OG0002074	YBR127C	6183.Smp_029390.1
OG0002075	YMR165C	6183.Smp_147940.2
OG0002076	YDR189W	6183.Smp_082800.1
OG0002077	YPR045C	6183.Smp_097830.1
OG0002078	YGL237C	6183.Smp_030250.1
OG0002079	YGR024C	6183.Smp_073990.1
OG0002080	YMR010W	6183.Smp_147370.1
OG0002081	YHR072W-A	6183.Smp_093320.1
OG0002082	YDR188W	6183.Smp_004990.1
OG0002083	YIL083C	6183.Smp_131090.1
OG0002084	YDR531W	6183.Smp_064750.1
OG0002085	YER023W	6183.Smp_049390.1
OG0002086	YLR086W	6183.Smp_173700.1
OG0002087	YNL037C	6183.Smp_018680.1
OG0002088	YML126C	6183.Smp_198690.1
OG0002089	YDL205C	6183.Smp_095130.1
OG0002090	YBR035C	6183.Smp_051550.1
OG0002091	YBR289W	6183.Smp_056860.1
OG0002092	YLL041C	6183.Smp_089640.2
OG0002093	YHR019C	6183.Smp_041450.1
OG0002094	YDR496C	6183.Smp_098450.1
OG0002095	YDL108W	6183.Smp_150040.2
OG0002096	YLR244C	6183.Smp_142010.2
OG0002097	YGL044C	6183.Smp_079730.1
OG0002098	YDL147W	6183.Smp_058650.1
OG0002099	YOR294W	6183.Smp_058680.2
OG0002100	YDR283C	6183.Smp_079390.1
OG0002101	YBL104C	6183.Smp_172540.1
OG0002103	YER151C	6183.Smp_005280.1
OG0002104	YEL029C	6183.Smp_164250.1
OG0002105	YJL143W	6183.Smp_155870.1
OG0002106	YGL119W	6183.Smp_021330.2
OG0002107	YDL091C	6183.Smp_084610.1
OG0002108	YJL059W	6183.Smp_197500.1
OG0002109	YIL023C	6183.Smp_139720.1
OG0002110	YJL207C	6183.Smp_148410.1
OG0002111	YOL021C	6183.Smp_161980.1
OG0002112	YLR172C	6183.Smp_025570.1
OG0002114	YLR022C	6183.Smp_007970.1
OG0002115	YGR090W	6183.Smp_149070.1
OG0002116	YLR382C	6183.Smp_122780.1
OG0002117	YBR233W	6183.Smp_132270.1
OG0002118	YER068W	6183.Smp_204730.1
OG0002120	YHL022C	6183.Smp_131670.1
OG0002121	YLR268W	6183.Smp_035300.2
OG0002122	YDR390C	6183.Smp_166220.1
OG0002123	YJL125C	6183.Smp_194620.1
OG0002125	YMR278W	6183.Smp_085150.1
OG0002126	YMR185W	6183.Smp_176530.1
OG0002128	YOL077C	6183.Smp_156780.1
OG0002129	YGL083W	6183.Smp_126740.1
OG0002130	YIL142W	6183.Smp_054340.2
OG0002132	YPL096W	6183.Smp_033350.1
OG0002133	YOR123C	6183.Smp_172160.1
OG0002134	YHR008C	6183.Smp_056440.1
OG0002135	YDL141W	6183.Smp_081420.1
OG0002136	YFR010W	6183.Smp_084740.1
OG0002138	YIL034C	6183.Smp_186650.1
OG0002139	YKL080W	6183.Smp_211280.1
OG0002140	YIL091C	6183.Smp_158840.1
OG0002141	YOR362C	6183.Smp_092280.1
OG0002142	YBR123C	6183.Smp_050740.1
OG0002143	YBR221C	6183.Smp_002510.1
OG0002144	YKR081C	6183.Smp_028340.1
OG0002145	YLL035W	6183.Smp_018280.1
OG0002146	YOL057W	6183.Smp_019010.1
OG0002148	YMR092C	6183.Smp_073940.1
OG0002149	YGL192W	6183.Smp_146300.1
OG0002150	YLR118C	6183.Smp_025160.3
OG0002152	YPR162C	6183.Smp_042210.1
OG0002153	YPL030W	6183.Smp_181480.1
OG0002154	YGL206C	6183.Smp_154420.1
OG0002155	YBR154C	6183.Smp_126370.1
OG0002156	YOR111W	6183.Smp_061040.1
OG0002158	YIL125W	6183.Smp_044970.1
OG0002159	YDR330W	6183.Smp_131520.1
OG0002160	YKR008W	6183.Smp_128120.1
OG0002161	YLR281C	6183.Smp_079810.1
OG0002162	YER005W	6183.Smp_166520.1
OG0002163	YMR078C	6183.Smp_042810.1
OG0002164	YPL069C	6183.Smp_134230.1
OG0002166	YFL017W-A	6183.Smp_038680.1
OG0002168	YIL043C	6183.Smp_053230.1
OG0002169	YFL005W	6183.Smp_014660.2
OG0002170	YBR170C	6183.Smp_039180.1
OG0002171	YJL140W	6183.Smp_074230.1
OG0002172	YHR040W	6183.Smp_080840.1
OG0002173	YEL031W	6183.Smp_164540.1
OG0002174	YKL192C	6183.Smp_015860.1
OG0002175	YJR068W	6183.Smp_096360.1
OG0002176	YPR021C	6183.Smp_137160.1
OG0002177	YPR040W	6183.Smp_163850.1
OG0002178	YBR133C	6183.Smp_171150.1
OG0002179	YNL111C	6183.Smp_066010.2
OG0002180	YPL132W	6183.Smp_141470.1
OG0002181	YJR017C	6183.Smp_162890.1
OG0002182	YOL054W	6183.Smp_130050.1
OG0002183	YFR050C	6183.Smp_056500.1
OG0002184	YKL190W	6183.Smp_064950.1
OG0002185	YDL060W	6183.Smp_038930.1
OG0002186	YGL116W	6183.Smp_004060.1
OG0002187	YEL027W	6183.Smp_062890.1
OG0002188	YEL024W	6183.Smp_061870.1
OG0002189	YJR058C	6183.Smp_143060.1
OG0002190	YOR374W	6183.Smp_022960.1
OG0002191	YGL201C	6183.Smp_094140.1
OG0002192	YLR127C	6183.Smp_152400.1
OG0002193	YER049W	6183.Smp_136270.1
OG0002194	YNL128W	6183.Smp_154470.1
OG0002195	YDL126C	6183.Smp_018240.3
OG0002196	YPR187W	6183.Smp_073570.1
OG0002197	YLR002C	6183.Smp_132350.1
OG0002198	YPL209C	6183.Smp_135360.1
OG0002199	YPR182W	6183.Smp_060910.1
OG0002200	YJL026W	6183.Smp_055890.1
OG0002201	YHR201C	6183.Smp_173050.2
OG0002202	YEL037C	6183.Smp_061920.1
OG0002203	YER134C	6183.Smp_095410.2
OG0002204	YPR086W	6183.Smp_063650.4
OG0002205	YNL045W	6183.Smp_007550.1
OG0002206	YML110C	6183.Smp_021910.1
OG0002209	YDR292C	6183.Smp_095910.1
OG0002210	YBR070C	6183.Smp_045430.3
OG0002211	YER021W	6183.Smp_085310.2
OG0002212	YNL207W	6183.Smp_043200.1
OG0002213	YNR011C	6183.Smp_027970.1
OG0002215	YDR170C	6183.Smp_135280.1
OG0002216	YBR198C	6183.Smp_160940.1
OG0002217	YIL104C	6183.Smp_121810.1
OG0002218	YLR215C	6183.Smp_167410.1
OG0002219	YNL241C	6183.Smp_052810.1
OG0002220	YNL112W	6183.Smp_013790.1
OG0002221	YPL086C	6183.Smp_085500.1
OG0002222	YFL038C	6183.Smp_210430.1
OG0002223	YOL096C	6183.Smp_029060.1
OG0002224	YMR190C	6183.Smp_056620.1
OG0002225	YBL099W	6183.Smp_002880.1
OG0002226	YHR020W	6183.Smp_138930.2
OG0002228	YFR015C	6183.Smp_018260.1
OG0002229	YOR020C	6183.Smp_097380.1
OG0002230	YLR201C	6183.Smp_038420.1
OG0002231	YNL082W	6183.Smp_143380.1
OG0002232	YLL018C	6183.Smp_053510.1
OG0002233	YIL007C	6183.Smp_181380.1
OG0002234	YDR301W	6183.Smp_148480.1
OG0002235	YHR128W	6183.Smp_095810.1
OG0002237	YIL021W	6183.Smp_099170.1
OG0002238	YGR155W	6183.Smp_125070.2
OG0002239	YDL008W	6183.Smp_028430.1
OG0002241	YCR059C	6183.Smp_029370.1
OG0002242	YPL094C	6183.Smp_119980.1
OG0002244	YPR176C	6183.Smp_150160.1
OG0002245	YIL038C	6183.Smp_088600.1
OG0002246	YML061C	6183.Smp_147230.1
OG0002247	YKL059C	6183.Smp_039640.2
OG0002248	YDR465C	6183.Smp_024380.1
OG0002249	YKL205W	6183.Smp_137650.1
OG0002250	YDR454C	6183.Smp_016880.1
OG0002251	YHR122W	6183.Smp_064520.1
OG0002253	YJL101C	6183.Smp_013860.1
OG0002254	YDR013W	6183.Smp_007000.1
OG0002255	YGR171C	6183.Smp_005330.1
OG0002256	YOR357C	6183.Smp_091730.1
OG0002257	YML102W	6183.Smp_153610.1
OG0002258	YGL171W	6183.Smp_047110.1
OG0002259	YGR220C	6183.Smp_087440.1
OG0002260	YIL046W	6183.Smp_047540.1
OG0002261	YNR053C	6183.Smp_087810.1
OG0002262	YDR140W	6183.Smp_024800.1
OG0002264	YGL048C	6183.Smp_119310.1
OG0002265	YDR062W	6183.Smp_079380.1
OG0002266	YHR013C	6183.Smp_050590.1
OG0002267	YPL183W-A	6183.Smp_091170.1
OG0002269	YER095W	6183.Smp_124230.1
OG0002270	YPL235W	6183.Smp_132690.1
OG0002271	YGR258C	6183.Smp_123940.1
OG0002272	YGR093W	6183.Smp_152510.1
OG0002273	YOR103C	6183.Smp_020770.1
OG0002274	YKL193C	6183.Smp_046020.1
OG0002275	YJR013W	6183.Smp_128810.1
OG0002276	YDR517W	6183.Smp_169990.1
OG0002277	YML071C	6183.Smp_161130.1
OG0002278	YJL121C	6183.Smp_104580.1
OG0002280	YPR144C	6183.Smp_017640.1
OG0002281	YDR117C	6183.Smp_155400.1
OG0002282	YGL043W	6183.Smp_007660.1
OG0002283	YFR051C	6183.Smp_031860.1
OG0002284	YOL040C	6183.Smp_130850.1
OG0002285	YDR440W	6183.Smp_165000.1
OG0002286	YKL212W	6183.Smp_060420.1
OG0002287	YGR280C	6183.Smp_010140.1
OG0002288	YDR529C	6183.Smp_024120.1
OG0002289	YOR064C	6183.Smp_120980.1
OG0002290	YMR293C	6183.Smp_031990.1
OG0002291	YLR243W	6183.Smp_172090.1
OG0002292	YGR254W	6183.Smp_024110.1
OG0002293	YDR452W	6183.Smp_133330.1
OG0002294	YER148W	6183.Smp_098950.1
OG0002295	YLR148W	6183.Smp_142210.1
OG0002296	YGL124C	6183.Smp_140440.1
OG0002297	YHR042W	6183.Smp_030760.1
OG0002298	YJL069C	6183.Smp_046680.1
OG0002300	YDR490C	6183.Smp_094250.1
OG0002301	YOR201C	6183.Smp_018480.1
OG0002302	YOR065W	6183.Smp_005290.1
OG0002303	YDL137W	6183.Smp_088650.1
OG0002305	YOL018C	6183.Smp_138840.1
OG0002306	YHR069C	6183.Smp_064260.1
OG0002307	YGR264C	6183.Smp_040770.1
OG0002308	YHR200W	6183.Smp_000740.2
OG0002309	YJR122W	6183.Smp_170950.1
OG0002310	YJL041W	6183.Smp_049880.1
OG0002311	YGL238W	6183.Smp_128050.1
OG0002312	YMR128W	6183.Smp_123500.1
OG0002313	YMR039C	6183.Smp_084620.1
OG0002314	YDR049W	6183.Smp_057430.1
OG0002315	YDR021W	6183.Smp_034190.1
OG0002316	YPR010C	6183.Smp_140690.1
OG0002317	YBR018C	6183.Smp_059880.1
OG0002318	YFL001W	6183.Smp_171830.1
OG0002319	YNL287W	6183.Smp_092770.1
OG0002320	YEL051W	6183.Smp_103200.1
OG0002321	YCR090C	6183.Smp_050880.1
OG0002322	YDR141C	6183.Smp_164120.1
OG0002323	YPL046C	6183.Smp_009320.2
OG0002324	YOL023W	6183.Smp_167220.1
OG0002325	YJL046W	6183.Smp_086960.1
OG0002326	YMR146C	6183.Smp_006000.1
OG0002327	YJR123W	6183.Smp_093440.1
OG0002328	YLR242C	6183.Smp_021280.1
OG0002330	YGR185C	6183.Smp_129210.1
OG0002331	YNL139C	6183.Smp_086460.1
OG0002332	YER140W	6183.Smp_175200.1
OG0002333	YLR396C	6183.Smp_069670.1
OG0002334	YER036C	6183.Smp_040540.1
OG0002335	YBR186W	6183.Smp_171260.1
OG0002336	YGL221C	6183.Smp_051390.1
OG0002337	YJR102C	6183.Smp_097620.1
OG0002338	YNL330C	6183.Smp_005210.1
OG0002339	YFR037C	6183.Smp_152650.1
OG0002340	YJL004C	6183.Smp_038410.1
OG0002341	YLR386W	6183.Smp_180010.1
OG0002342	YJL155C	6183.Smp_015710.1
OG0002343	YDR328C	6183.Smp_052910.1
OG0002344	YJL154C	6183.Smp_173330.1
OG0002345	YDR280W	6183.Smp_048620.1
OG0002346	YKR030W	6183.Smp_029040.1
OG0002347	YJR107W	6183.Smp_128680.1
OG0002348	YOL093W	6183.Smp_211190.1
OG0002349	YLR354C	6183.Smp_070600.1
OG0002350	YGR253C	6183.Smp_032580.2
OG0002351	YNL172W	6183.Smp_151380.1
OG0002352	YPR041W	6183.Smp_122840.1
OG0002353	YJL115W	6183.Smp_033020.1
OG0002354	YOR254C	6183.Smp_145670.1
OG0002355	YOL080C	6183.Smp_151080.1
OG0002356	YNL132W	6183.Smp_144490.1
OG0002357	YHR193C	6183.Smp_018530.2
OG0002358	YGR267C	6183.Smp_026920.1
OG0002360	YPL120W	6183.Smp_048990.1
OG0002361	YBL078C	6183.Smp_073790.1
OG0002362	YKL012W	6183.Smp_056640.1
OG0002363	YPR091C	6183.Smp_022630.1
OG0002364	YGL141W	6183.Smp_137040.1
OG0002365	YLL039C	6183.Smp_046690.1
OG0002366	YER156C	6183.Smp_024490.1
OG0002368	YFL025C	6183.Smp_175320.1
OG0002369	YGR173W	6183.Smp_080550.1
OG0002370	YDR372C	6183.Smp_007500.1
OG0002371	YJL053W	6183.Smp_210770.1
OG0002372	YDR325W	6183.Smp_078920.1
OG0002373	YJL124C	6183.Smp_175550.1
OG0002374	YLR005W	6183.Smp_136520.1
OG0002375	YJR104C	6183.Smp_176200.2
OG0002376	YLR147C	6183.Smp_068420.1
OG0002377	YCL017C	6183.Smp_075470.1
OG0002378	YGR135W	6183.Smp_070930.1
OG0002379	YBL071W-A	6183.Smp_100110.1
OG0002380	YLR212C	6183.Smp_034670.1
OG0002381	YDL102W	6183.Smp_087010.1
OG0002382	YJR070C	6183.Smp_056370.1
OG0002383	YJL126W	6183.Smp_120080.2
OG0002384	YBR055C	6183.Smp_164470.1
OG0002385	YMR049C	6183.Smp_135120.1
OG0002386	YML067C	6183.Smp_164200.1
OG0002387	YBR088C	6183.Smp_046500.2
OG0002388	YER112W	6183.Smp_157680.1
OG0002389	YBL019W	6183.Smp_167500.1
OG0002390	YKL045W	6183.Smp_079050.1
OG0002391	YDR333C	6183.Smp_170100.1
OG0002392	YCR047C	6183.Smp_166830.1
OG0002393	YBR164C	6183.Smp_086900.1
OG0002394	YBL020W	6183.Smp_131100.1
OG0002395	YGL027C	6183.Smp_024580.2
OG0002396	YGL231C	6183.Smp_006340.1
OG0002397	YDL043C	6183.Smp_076880.1
OG0002398	YCR044C	6183.Smp_156270.1
OG0002399	YKL085W	6183.Smp_047370.1
OG0002400	YLR305C	6183.Smp_150660.1
OG0002401	YPR175W	6183.Smp_124120.1
OG0002402	YKL165C	6183.Smp_065130.2
OG0002403	YMR231W	6183.Smp_194370.1
OG0002404	YBL097W	6183.Smp_157290.1
OG0002405	YCR093W	6183.Smp_133320.1
OG0002406	YDL017W	6183.Smp_177120.1
OG0002407	YMR314W	6183.Smp_170730.1
OG0002408	YHR111W	6183.Smp_035280.1
OG0002409	YDR435C	6183.Smp_124860.1
OG0002410	YJL109C	6183.Smp_162600.1
OG0002411	YCR012W	6183.Smp_018890.1
OG0002412	YOL086W-A	6183.Smp_054230.1
OG0002414	YCR075C	6183.Smp_169870.1
OG0002415	YMR131C	6183.Smp_022660.1
OG0002416	YLR009W	6183.Smp_153950.1
OG0002417	YOR304W	6183.Smp_008830.1
OG0002419	YLR348C	6183.Smp_121160.1
OG0002420	YER025W	6183.Smp_095150.1
OG0002421	YOR077W	6183.Smp_023250.1
OG0002422	YPL170W	6183.Smp_093700.1
OG0002423	YOR074C	6183.Smp_200410.1
OG0002424	YOR117W	6183.Smp_042270.2
OG0002425	YDR211W	6183.Smp_019380.1
OG0002426	YJL062W	6183.Smp_061970.1
OG0002427	YKL001C	6183.Smp_154270.1
OG0002428	YER126C	6183.Smp_054120.1
OG0002429	YGL033W	6183.Smp_068840.1
OG0002430	YKR017C	6183.Smp_130600.1
OG0002431	YGL030W	6183.Smp_044580.1
OG0002432	YKL058W	6183.Smp_071830.1
OG0002433	YPR140W	6183.Smp_065160.1
OG0002434	YPR048W	6183.Smp_038820.1
OG0002435	YNL161W	6183.Smp_103570.1
OG0002436	YNL247W	6183.Smp_170800.2
OG0002437	YMR186W	6183.Smp_072330.2
OG0002438	YHL013C	6183.Smp_030280.1
OG0002439	YER165W	6183.Smp_024140.4
OG0002440	YNL062C	6183.Smp_012860.1
OG0002441	YML059C	6183.Smp_171820.2
OG0002442	YMR013C	6183.Smp_048540.1
OG0002443	YGL004C	6183.Smp_020590.1
OG0002444	YNL325C	6183.Smp_157920.1
OG0002445	YEL058W	6183.Smp_157710.1
OG0002446	YOR151C	6183.Smp_130680.1
OG0002447	YAL044C	6183.Smp_165780.1
OG0002448	YOR187W	6183.Smp_073500.2
OG0002449	YNL135C	6183.Smp_079230.1
OG0002450	YDR075W	6183.Smp_030710.1
OG0002451	YFL027C	6183.Smp_194930.1
OG0002452	YMR296C	6183.Smp_028080.1
OG0002453	YHR143W-A	6183.Smp_132030.1
OG0002454	YOR005C	6183.Smp_148660.1
OG0002455	YPL082C	6183.Smp_158610.2
OG0002456	YGR078C	6183.Smp_021800.1
OG0002457	YIL061C	6183.Smp_013360.1
OG0002459	YLR116W	6183.Smp_021540.1
OG0002460	YEL020W-A	6183.Smp_123240.1
OG0002461	YMR061W	6183.Smp_147360.1
OG0002462	YMR288W	6183.Smp_141630.1
OG0002463	YPR183W	6183.Smp_042790.1
OG0002464	YPL204W	6183.Smp_067810.1
OG0002465	YHR058C	6183.Smp_008120.1
OG0002466	YER019W	6183.Smp_162880.1
OG0002467	YBR223C	6183.Smp_210530.1
OG0002468	YML130C	6183.Smp_124920.1
OG0002469	YDL195W	6183.Smp_212490.1
OG0002470	YOR244W	6183.Smp_053140.1
OG0002471	YBR187W	6183.Smp_096780.1
OG0002472	YGR048W	6183.Smp_196510.1
OG0002473	YMR292W	6183.Smp_166120.1
OG0002474	YBL021C	6183.Smp_154340.1
OG0002475	YOL102C	6183.Smp_037640.1
OG0002476	YNL243W	6183.Smp_181350.1
OG0002477	YLL027W	6183.Smp_034530.1
OG0002478	YOL060C	6183.Smp_146680.1
OG0002479	YAL012W	6183.Smp_083650.1
OG0002480	YOL041C	6183.Smp_089060.1
OG0002481	YDL120W	6183.Smp_137190.1
OG0002482	YPR016C	6183.Smp_198420.1
OG0002483	YMR137C	6183.Smp_136360.1
OG0002484	YJL031C	6183.Smp_208010.1
OG0002485	YBL035C	6183.Smp_067260.1
OG0002486	YDL029W	6183.Smp_101290.2
OG0002487	YDR088C	6183.Smp_019190.1
OG0002488	YPR029C	6183.Smp_092530.2
OG0002489	YKL025C	6183.Smp_064020.4
OG0002490	YMR022W	6183.Smp_041390.1
OG0002491	YGR054W	6183.Smp_175840.1
OG0002492	YPL008W	6183.Smp_101300.1
OG0002493	YOR257W	6183.Smp_083740.1
OG0002494	YML035C	6183.Smp_004120.1
OG0002495	YPL119C	6183.Smp_033710.1
OG0002496	YNL220W	6183.Smp_055990.1
OG0002497	YGR002C	6183.Smp_002160.1
OG0002498	YDR430C	6183.Smp_146140.1
OG0002499	YHR023W	6183.Smp_046060.1
OG0002500	YPL195W	6183.Smp_138860.1
OG0002501	YLR359W	6183.Smp_038030.1
OG0002502	YEL020C	6183.Smp_005390.2
OG0002503	YCR016W	6183.Smp_016900.1
OG0002504	YCL054W	6183.Smp_045040.1
OG0002505	YMR093W	6183.Smp_045070.1
OG0002506	YLL013C	6183.Smp_155000.1
OG0002507	YDR248C	6183.Smp_018500.1
OG0002508	YOR061W	6183.Smp_099030.1
OG0002509	YIL047C	6183.Smp_141100.1
OG0002510	YKL145W	6183.Smp_012470.1
OG0002511	YBL050W	6183.Smp_060950.1
OG0002512	YLR071C	6183.Smp_153250.1
OG0002513	YIR005W	6183.Smp_170230.1
OG0002514	YPL259C	6183.Smp_064240.1
OG0002515	YER087W	6183.Smp_025260.1
OG0002516	YNL219C	6183.Smp_103930.5
OG0002517	YBR080C	6183.Smp_057320.1
OG0002518	YLR088W	6183.Smp_169770.1
OG0002519	YBL058W	6183.Smp_060010.1
OG0002520	YLL040C	6183.Smp_021170.1
OG0002521	YOR027W	6183.Smp_064860.1
OG0002522	YNL244C	6183.Smp_019440.1
OG0002523	YPL028W	6183.Smp_197330.1
OG0002524	YIL003W	6183.Smp_210380.1
OG0002525	YPR031W	6183.Smp_097110.1
